Customer_ID,Age,Gender,Region,Membership_Level,Tenure_Months,Monthly_Income_JD,Monthly_Spend_JD,Total_Orders,Average_Order_Value_JD,Days_Since_Last_Purchase,Website_Visits_Last_30_Days,Email_Engagement_Rate,Discount_Usage_Rate,Satisfaction_Score,Support_Tickets_Last_6_Months,Complaint_Flag,Last_Campaign_Response,Payment_Method
C20001,24,Female,Irbid,Platinum,84,2074.52,264.83,37,500.0,4,21,0.183,0.914,4,0,0,0,Card
C20002,44,Male,Amman,Gold,12,2647.38,222.34,8,356.05,70,21,0.371,0.576,4,0,0,0,Bank Transfer
C20003,39,Female,Zarqa,Gold,12,1296.71,215.81,11,264.25,9,23,0.543,0.748,4,2,0,1,Digital Wallet
C20004,62,Female,Zarqa,Silver,84,2577.75,191.53,39,438.68,72,22,0.432,0.688,3,2,0,1,Card
C20005,44,Male,Irbid,Basic,19,1429.96,90.99,5,335.5,28,18,0.098,0.518,4,2,0,0,Card
C20006,45,Male,Amman,Silver,33,1476.87,171.13,18,337.45,63,12,0.747,0.849,4,2,0,1,Digital Wallet
C20007,27,Male,Balqa,Platinum,49,1580.96,227.77,19,500.0,420,7,0.093,0.388,4,1,0,1,Digital Wallet
C20008,60,Male,Zarqa,Silver,19,2431.82,349.86,16,366.14,103,18,0.178,0.721,3,3,1,0,Card
C20009,62,Male,Amman,Platinum,49,3270.68,430.4,25,500.0,109,20,0.33,0.839,4,1,0,1,Digital Wallet
C20010,33,Male,Amman,Silver,15,1470.34,116.99,6,294.44,9,18,0.123,0.343,3,2,0,1,Card
C20011,59,Male,Amman,Platinum,6,2417.51,327.16,15,128.32,129,16,0.403,0.836,5,4,1,0,Card
C20012,49,Male,Other,Platinum,84,2803.16,472.49,33,500.0,44,17,0.031,0.707,5,0,0,0,Digital Wallet
C20013,63,Female,Amman,Platinum,17,2095.92,253.39,7,500.0,12,17,0.643,0.65,4,0,0,1,Bank Transfer
C20014,56,Female,Amman,Silver,24,1635.05,114.95,11,229.32,30,15,0.41,0.237,2,4,1,1,Card
C20015,63,Female,Balqa,Silver,36,2322.09,194.94,16,371.81,40,15,0.154,0.296,3,2,0,0,Bank Transfer
C20016,62,Female,Other,Silver,11,2269.31,161.78,7,268.95,19,23,0.196,0.495,3,2,0,0,Bank Transfer
C20017,43,Female,Irbid,Silver,53,1917.2,102.92,26,167.83,35,10,0.558,0.545,3,0,0,0,Card
C20018,38,Female,Other,Silver,12,2515.91,201.06,12,155.53,7,16,0.101,0.762,3,2,0,0,Card
C20019,52,Female,Amman,Basic,53,1778.45,132.02,22,336.61,18,12,0.823,0.585,5,1,0,1,Card
C20020,29,Female,Balqa,Gold,14,1822.15,144.67,7,297.31,17,19,0.576,0.253,3,2,0,1,Card
C20021,27,Male,Amman,Gold,5,1569.82,123.92,7,78.58,31,9,0.126,0.852,1,3,1,0,Cash
C20022,31,Female,Amman,Gold,9,1643.28,152.51,7,143.42,150,21,0.189,0.485,3,1,0,0,Digital Wallet
C20023,28,Male,Irbid,Gold,26,1847.46,222.68,16,351.35,56,24,0.411,0.756,2,5,1,1,Cash
C20024,29,Female,Irbid,Platinum,4,1022.48,270.72,6,148.0,8,9,0.214,0.31,3,5,1,0,Card
C20025,41,Female,Irbid,Gold,39,1936.09,203.02,26,253.33,5,14,0.556,0.643,3,3,1,1,Bank Transfer
C20026,58,Male,Amman,Silver,17,1420.29,272.84,12,341.05,47,17,0.367,0.68,5,1,0,1,Card
C20027,22,Female,Amman,Silver,17,1268.55,154.87,8,313.9,38,12,0.651,0.751,4,0,0,1,Cash
C20028,18,Male,Amman,Silver,24,350.0,65.33,10,136.13,87,18,0.264,0.734,3,2,0,0,Cash
C20029,68,Female,Amman,Silver,38,1420.09,321.04,18,500.0,26,16,0.361,0.763,3,1,0,0,Cash
C20030,50,Female,Other,Basic,8,1572.03,171.7,4,319.84,18,17,0.497,0.669,4,0,0,1,Digital Wallet
C20031,36,Male,Irbid,Basic,70,2131.85,124.59,28,272.42,40,11,0.802,0.128,2,2,0,1,Digital Wallet
C20032,59,Male,Amman,Gold,35,1813.94,1800.0,11,500.0,6,18,0.291,0.375,3,0,0,0,Card
C20033,59,Female,Irbid,Silver,20,2372.72,139.08,6,500.0,15,21,0.137,0.116,2,7,1,1,Digital Wallet
C20034,26,Female,Balqa,Gold,38,1314.54,227.24,14,500.0,92,10,0.4165,0.23,3,1,0,1,Card
C20035,69,Female,Balqa,Silver,28,2724.92,129.78,10,351.19,68,15,0.57,0.636,5,1,0,0,Card
C20036,62,Female,Other,Basic,8,1728.66,162.17,5,278.66,43,16,0.465,0.575,4,0,0,1,Card
C20037,27,Male,Balqa,Platinum,48,1079.9,261.53,24,500.0,58,13,0.413,0.612,4,2,0,1,Cash
C20038,25,Male,Balqa,Basic,23,1117.85,179.93,15,251.09,75,13,0.075,0.727,3,4,1,1,Cash
C20039,27,Male,Amman,Basic,21,1749.67,152.06,8,338.02,3,16,0.294,0.609,4,0,0,0,Digital Wallet
C20040,67,Female,Amman,Silver,12,1841.82,199.57,9,200.35,31,16,0.626,0.874,3,1,0,1,Card
C20041,44,Female,Amman,Basic,73,1021.93,88.77,23,305.14,55,11,0.649,0.544,2,2,1,1,Digital Wallet
C20042,46,Male,Amman,Gold,19,1465.73,205.62,13,281.01,127,19,0.25,0.68,4,3,1,1,Card
C20043,26,Male,Irbid,Platinum,54,1555.54,328.47,27,355.13,58,17,0.661,0.567,2,1,0,0,Cash
C20044,30,Male,Amman,Gold,43,1568.63,181.88,29,239.86,19,14,0.217,0.556,4,2,0,0,Card
C20045,44,Female,Amman,Basic,21,2194.44,164.59,12,259.59,36,12,0.718,0.663,4,0,0,1,Card
C20046,62,Male,Irbid,Basic,53,2314.24,350.51,26,500.0,45,18,0.779,0.697,4,2,0,1,Digital Wallet
C20047,65,Male,Irbid,Silver,53,2343.36,170.19,26,340.32,36,18,0.51,0.537,3,1,0,0,Digital Wallet
C20048,56,Male,Amman,Basic,60,1720.49,224.07,31,374.4,38,8,0.687,0.418,4,2,0,1,Digital Wallet
C20049,70,Male,Amman,Silver,39,2167.01,316.83,21,500.0,17,17,0.602,0.707,4,1,0,1,Card
C20050,60,Female,Other,Platinum,27,1792.625,256.07,12,500.0,37,17,0.475,0.728,3,2,0,0,Cash
C20051,30,Female,Irbid,Silver,40,1150.61,137.66,14,337.08,33,12,0.342,0.831,5,1,0,1,Digital Wallet
C20052,31,Male,Irbid,Basic,27,1790.39,85.39,11,178.55,60,17,0.106,0.51,3,31,1,1,Digital Wallet
C20053,40,Female,Balqa,Gold,13,2349.96,199.85,13,196.39,136,21,0.336,0.508,4,2,0,0,Card
C20054,40,Male,Balqa,Basic,32,1449.8,163.62,16,281.3,100,14,0.225,0.345,4,4,1,0,Card
C20055,38,Female,Amman,Basic,5,1095.68,189.65,9,103.89,240,13,0.615,0.259,4,1,0,1,Card
C20056,58,Female,Amman,Platinum,24,2191.21,241.19,17,273.44,1,17,0.212,0.712,4,1,0,1,Card
C20057,60,Female,Amman,Silver,55,2054.76,256.08,21,500.0,68,18,0.456,0.177,3,3,1,0,Digital Wallet
C20058,28,Female,Amman,Silver,6,931.56,152.79,5,136.09,64,17,0.191,0.508,3,0,0,1,Cash
C20059,57,Female,Amman,Basic,14,1792.625,212.66,10,287.37,18,23,0.398,0.368,4,0,0,0,Bank Transfer
C20060,52,Male,Amman,Silver,37,1750.58,146.05,22,223.81,38,14,0.429,0.529,4,0,0,1,Card
C20061,54,Male,Balqa,Platinum,38,2375.9,320.95,21,500.0,17,17,0.269,0.386,3,3,1,0,Digital Wallet
C20062,54,Male,Balqa,Platinum,31,2385.8,328.5,18,500.0,96,14,0.461,0.113,3,2,0,0,Digital Wallet
C20063,46,Male,Amman,Basic,49,1434.91,127.23,30,226.94,240,15,0.847,0.289,4,3,1,1,Card
C20064,50,Female,Irbid,Platinum,38,2039.47,374.13,26,500.0,17,12,0.347,0.398,4,1,0,0,Card
C20065,34,Male,Other,Basic,73,1527.68,88.32,30,194.49,7,8,0.683,0.294,3,3,1,1,Card
C20066,48,Female,Amman,Silver,51,888.72,185.81,29,325.22,4,16,0.256,0.265,3,3,1,0,Card
C20067,48,Male,Amman,Basic,16,1975.41,159.95,9,250.3,9,19,0.546,0.217,3,4,1,0,Digital Wallet
C20068,70,Female,Balqa,Gold,32,3433.17,227.23,12,454.52,46,7,0.446,0.772,4,0,0,1,Bank Transfer
C20069,51,Female,Irbid,Gold,35,1708.74,280.38,11,500.0,29,15,0.576,0.387,5,0,0,1,Bank Transfer
C20070,45,Female,Zarqa,Gold,11,1197.75,168.97,8,174.7,162,21,0.378,0.397,5,0,0,0,Card
C20071,68,Female,Zarqa,Silver,40,2081.42,194.63,16,500.0,101,14,0.514,0.551,2,4,1,1,Bank Transfer
C20072,18,Male,Amman,Basic,12,1254.58,440.06,17,294.92,18,19,0.168,0.546,3,4,1,1,Digital Wallet
C20073,61,Male,Zarqa,Silver,7,2046.94,374.48,11,247.12,14,20,0.524,0.438,3,3,1,0,Card
C20074,51,Female,Balqa,Gold,26,1987.79,212.62,6,500.0,52,15,0.462,0.718,4,2,0,1,Cash
C20075,22,Female,Amman,Basic,6,1898.87,136.25,9,100.16,9,12,0.438,0.246,4,3,1,0,Digital Wallet
C20076,23,Female,Amman,Gold,7,1346.36,191.63,8,184.9,13,14,0.212,0.467,5,1,0,1,Cash
C20077,58,Female,Amman,Silver,19,1388.34,219.26,14,268.35,30,14,0.297,0.774,3,0,0,0,Card
C20078,25,Female,Other,Silver,23,1925.88,198.8,12,371.3,14,19,0.239,0.33,4,2,0,0,Card
C20079,42,Female,Amman,Basic,32,1766.76,171.57,21,310.96,36,17,0.25,0.495,4,1,0,1,Card
C20080,26,Female,Balqa,Platinum,19,1564.19,403.51,18,449.78,45,20,0.539,0.498,3,0,0,1,Card
C20081,36,Male,Irbid,Silver,17,12000.0,110.28,7,223.6,46,15,0.363,0.697,4,1,0,0,Cash
C20082,51,Male,Other,Basic,22,1626.04,91.6,16,162.23,110,11,0.629,0.531,3,0,0,1,Card
C20083,19,Female,Other,Basic,11,1496.71,187.31,6,378.86,150,20,0.238,0.258,5,2,0,1,Cash
C20084,67,Male,Amman,Silver,38,1958.16,142.91,18,286.39,37,16,0.476,0.042,2,5,1,0,Bank Transfer
C20085,48,Male,Zarqa,Basic,39,1431.71,80.98,16,167.56,11,14,0.528,0.826,3,2,0,0,Digital Wallet
C20086,50,Male,Other,Silver,84,2418.95,115.94,39,212.29,24,12,0.314,0.57,4,2,0,0,Card
C20087,46,Male,Irbid,Basic,14,2148.88,101.11,5,228.6,24,18,0.307,0.761,3,3,1,0,Card
C20088,43,Male,Zarqa,Gold,28,1922.04,235.55,14,431.53,13,9,0.347,0.744,3,1,0,0,Card
C20089,32,Female,Irbid,Basic,56,1792.625,166.75,35,208.47,27,17,0.38,0.78,3,1,0,1,Digital Wallet
C20090,44,Male,Amman,Basic,25,911.91,48.47,11,96.37,24,10,0.11,0.655,4,2,0,0,Card
C20091,58,Male,Irbid,Basic,22,1578.61,119.43,7,376.97,1,18,0.403,0.817,2,4,1,0,Digital Wallet
C20092,38,Male,Zarqa,Gold,21,1159.52,150.96,13,158.3,47,14,0.642,0.892,5,0,0,1,Bank Transfer
C20093,44,Male,Amman,Basic,68,1629.19,178.43,23,500.0,104,7,0.404,0.717,4,2,0,0,Card
C20094,62,Male,Irbid,Silver,13,1580.2,158.47,9,200.21,74,18,0.212,0.71,2,1,0,1,Cash
C20095,45,Female,Amman,Basic,60,1615.4,114.99,25,289.53,25,16,0.485,0.3,5,2,0,0,Digital Wallet
C20096,21,Female,Balqa,Basic,38,1746.5,559.3,33,500.0,10,26,0.316,0.204,4,2,0,1,Card
C20097,30,Male,Amman,Silver,49,1397.64,95.09,29,166.73,40,14,0.229,0.126,3,4,1,0,Digital Wallet
C20098,58,Female,Other,Gold,15,2030.66,196.49,8,450.64,51,15,0.4165,0.414,2,2,1,0,Card
C20099,33,Female,Amman,Platinum,84,2035.69,410.91,48,500.0,158,15,0.238,0.338,3,2,0,0,Bank Transfer
C20100,55,Female,Other,Basic,26,2144.5,161.59,15,180.53,139,13,0.347,0.42,5,1,0,1,Card
C20101,35,Female,Amman,Silver,26,1738.34,136.3,18,197.81,38,19,0.4165,0.583,3,3,1,0,Card
C20102,48,Female,Irbid,Silver,20,2212.02,178.95,10,326.1,29,18,0.194,0.174,3,1,0,1,Card
C20103,46,Female,Zarqa,Gold,17,2821.47,461.34,16,406.97,21,21,0.275,0.384,4,0,0,0,Card
C20104,24,Female,Amman,Basic,58,1239.47,62.59,25,152.85,102,11,0.5,0.735,3,1,0,0,Digital Wallet
C20105,33,Female,Amman,Basic,45,1637.65,131.23,16,314.12,45,10,0.139,0.85,4,1,0,0,Bank Transfer
C20106,19,Male,Amman,Gold,1,1701.02,176.45,6,29.81,14,9,0.358,0.527,3,2,0,0,Card
C20107,52,Female,Amman,Platinum,26,2708.22,279.2,18,381.1,85,18,0.7,0.345,3,3,1,1,Cash
C20108,53,Female,Amman,Platinum,14,2602.99,226.08,17,174.88,41,19,0.718,0.847,3,2,0,1,Card
C20109,26,Male,Zarqa,Gold,58,1325.29,139.18,29,221.32,9,19,0.84,0.268,4,3,1,0,Digital Wallet
C20110,49,Male,Zarqa,Basic,65,2740.7,267.77,30,500.0,3,21,0.562,0.737,5,1,0,1,Cash
C20111,66,Male,Irbid,Basic,16,1731.98,152.7,12,192.63,1,12,0.268,0.383,4,0,0,0,Digital Wallet
C20112,50,Male,Irbid,Silver,15,2578.64,305.21,19,244.92,36,18,0.289,0.527,4,1,0,0,Digital Wallet
C20113,60,Female,Irbid,Gold,26,1224.94,165.82,12,369.0,31,11,0.081,0.779,4,2,0,1,Card
C20114,70,Male,Irbid,Gold,12,2479.71,166.11,6,299.8,27,17,0.548,0.439,5,2,0,1,Card
C20115,27,Male,Amman,Silver,11,1577.96,87.33,4,202.97,21,14,0.348,0.109,3,3,1,0,Digital Wallet
C20116,46,Female,Zarqa,Basic,39,1377.9,128.35,20,289.09,27,7,0.762,0.555,5,0,0,1,Digital Wallet
C20117,32,Male,Zarqa,Basic,47,1815.54,143.86,22,274.74,47,15,0.658,0.607,4,0,0,1,Card
C20118,19,Female,Amman,Basic,14,1500.04,117.36,7,238.88,5,16,0.362,0.173,4,6,1,0,Cash
C20119,48,Male,Balqa,Gold,40,1968.05,342.92,25,500.0,36,15,0.48,0.828,4,3,1,0,Cash
C20120,43,Male,Irbid,Gold,13,2010.52,282.84,9,432.13,109,14,0.233,0.6,5,0,0,0,Digital Wallet
C20121,49,Female,Irbid,Silver,25,1978.47,106.51,10,211.0,60,9,0.321,0.385,4,2,0,0,Card
C20122,29,Male,Irbid,Silver,9,1334.35,193.01,9,191.02,22,15,0.65,0.264,4,0,0,0,Card
C20123,45,Female,Amman,Basic,38,1385.5,129.21,15,259.62,10,11,0.64,0.727,4,2,0,1,Cash
C20124,59,Male,Amman,Basic,40,1494.44,148.0,20,277.98,33,14,0.141,0.304,4,3,1,1,Digital Wallet
C20125,31,Female,Irbid,Silver,39,2256.32,138.53,22,170.35,10,18,0.978,0.497,3,2,0,1,Card
C20126,54,Female,Amman,Silver,9,1516.4,229.54,7,341.48,45,23,0.583,0.489,4,3,1,1,Bank Transfer
C20127,45,Male,Amman,Basic,31,889.96,180.52,9,156.36,11,14,0.34,0.016,4,1,0,1,Digital Wallet
C20128,62,Female,Zarqa,Silver,28,1994.97,95.07,14,107.53,35,12,0.475,0.502,4,2,0,0,Digital Wallet
C20129,31,Male,Amman,Silver,38,596.59,152.62,12,449.87,15,15,0.508,0.746,4,1,0,1,Card
C20130,49,Female,Other,Basic,9,1656.32,235.9,17,113.21,29,17,0.584,0.506,4,2,0,0,Card
C20131,50,Male,Amman,Silver,29,2028.39,128.38,17,198.17,12,13,0.22,0.273,5,0,0,0,Digital Wallet
C20132,44,Female,Other,Basic,41,1184.87,153.88,18,303.62,41,7,0.55,0.188,4,0,0,0,Card
C20133,54,Male,Amman,Silver,12,2710.54,190.37,9,208.44,5,23,0.6,0.482,3,7,1,0,Bank Transfer
C20134,20,Female,Amman,Basic,3,1634.18,170.38,3,161.06,41,20,0.384,0.627,4,6,1,0,Card
C20135,31,Female,Irbid,Gold,40,1792.625,136.07,18,239.06,600,16,0.289,0.67,3,2,0,0,Bank Transfer
C20136,29,Male,Irbid,Platinum,7,2056.97,225.75,10,169.08,11,13,0.474,0.631,4,3,1,0,Card
C20137,58,Male,Irbid,Basic,30,1695.3,256.28,11,477.0,56,16,0.342,0.891,3,1,0,1,Card
C20138,53,Female,Irbid,Basic,39,1932.78,73.02,12,200.81,11,19,0.564,0.475,3,2,0,1,Card
C20139,20,Male,Amman,Gold,19,1668.47,215.9,13,215.06,37,11,0.142,0.531,4,1,0,0,Card
C20140,61,Female,Other,Silver,20,2153.72,149.89,10,310.19,2,17,0.577,0.604,3,2,0,1,Bank Transfer
C20141,67,Female,Amman,Gold,27,2563.1,276.93,9,500.0,0,19,0.27,0.41,4,2,0,1,Card
C20142,65,Female,Amman,Platinum,22,2073.91,215.01,14,290.1,11,19,0.174,0.577,4,0,0,0,Digital Wallet
C20143,67,Female,Amman,Basic,55,1933.42,98.27,29,200.36,36,10,0.219,0.421,3,2,0,0,Card
C20144,68,Female,Zarqa,Silver,84,2514.69,386.74,27,500.0,5,22,0.365,0.314,4,1,0,0,Cash
C20145,25,Male,Amman,Basic,2,892.7,93.87,4,51.81,5,14,0.435,0.766,3,0,0,0,Bank Transfer
C20146,62,Female,Amman,Gold,40,1629.46,147.21,16,344.32,139,11,0.248,0.731,2,3,1,1,Card
C20147,53,Male,Amman,Basic,62,2268.19,174.91,37,258.84,9,14,0.531,0.094,4,1,0,1,Card
C20148,30,Female,Amman,Basic,15,1126.86,66.55,9,95.64,1,12,0.44,0.336,4,2,0,1,Card
C20149,53,Female,Irbid,Gold,17,2022.46,355.54,10,500.0,62,15,0.152,0.922,4,3,1,0,Cash
C20150,52,Female,Zarqa,Basic,28,1572.26,93.65,16,156.37,82,18,0.55,0.195,4,4,1,0,Card
C20151,31,Female,Amman,Basic,30,1730.14,135.76,10,390.06,43,19,0.112,0.372,3,3,1,1,Cash
C20152,28,Male,Other,Silver,54,1199.65,176.82,28,245.7,117,16,0.24,0.934,3,2,0,0,Card
C20153,22,Male,Zarqa,Basic,23,1136.84,77.09,14,106.44,0,11,0.044,0.439,3,1,0,0,Cash
C20154,44,Male,Amman,Gold,37,1539.96,403.03,24,500.0,81,14,0.703,0.43,3,3,1,1,Bank Transfer
C20155,26,Male,Balqa,Silver,2,1640.67,135.88,5,49.46,25,10,0.221,0.827,4,3,1,1,Cash
C20156,27,Male,Amman,Silver,51,2066.63,161.68,17,375.43,2,11,0.45,0.668,3,3,1,0,Cash
C20157,46,Male,Amman,Platinum,18,1676.67,231.09,17,263.95,22,16,0.348,0.933,4,2,0,0,Card
C20158,48,Female,Zarqa,Basic,27,1904.47,66.22,11,140.63,14,16,0.159,0.303,3,4,1,0,Cash
C20159,34,Male,Amman,Silver,16,1839.99,295.89,14,298.71,73,14,0.263,0.274,4,0,0,1,Card
C20160,31,Female,Zarqa,Silver,32,724.61,164.69,15,393.33,2,18,0.726,0.63,2,2,0,1,Cash
C20161,44,Male,Amman,Silver,47,1317.04,146.67,22,300.32,16,17,0.159,0.354,2,0,1,0,Card
C20162,28,Male,Zarqa,Gold,7,2106.86,411.1,14,214.88,4,25,0.532,0.662,3,3,1,1,Card
C20163,34,Male,Amman,Silver,52,1359.59,300.25,28,500.0,48,15,0.138,0.6,5,2,0,1,Cash
C20164,53,Female,Irbid,Basic,44,1791.5,80.98,16,192.64,3,13,0.344,0.198,3,1,0,1,Bank Transfer
C20165,57,Female,Amman,Basic,62,2423.28,180.52,34,363.74,1,12,0.458,0.447,5,2,0,1,Card
C20166,37,Female,Irbid,Silver,60,1234.33,98.65,30,213.72,44,11,0.4165,0.458,4,0,0,1,Card
C20167,37,Female,Amman,Platinum,62,1413.27,255.52,24,500.0,40,10,0.287,0.878,5,0,0,0,Bank Transfer
C20168,47,Female,Balqa,Gold,28,2844.52,199.59,18,310.32,8,12,0.256,0.675,3,1,0,0,Card
C20169,27,Male,Amman,Basic,5,2210.99,94.19,2,261.85,20,10,0.601,0.753,4,1,0,0,Card
C20170,44,Female,Irbid,Silver,43,1488.8,180.52,14,500.0,20,12,0.215,0.217,4,3,1,1,Cash
C20171,41,Female,Zarqa,Silver,21,1471.04,87.04,13,137.59,21,16,0.441,0.084,1,5,1,1,Card
C20172,53,Male,Irbid,Silver,40,2545.55,321.73,23,421.45,129,16,0.663,0.838,4,1,0,1,Cash
C20173,19,Female,Amman,Silver,8,1887.09,95.62,3,217.42,20,19,0.368,0.505,4,1,0,0,Digital Wallet
C20174,65,Male,Amman,Platinum,25,2458.76,352.69,20,497.28,36,14,0.4165,0.16,4,1,0,0,Card
C20175,21,Female,Amman,Basic,33,683.7,242.43,21,302.25,20,15,0.344,0.625,4,1,0,1,Card
C20176,35,Female,Irbid,Platinum,25,2084.64,230.08,11,435.84,18,18,0.54,0.059,4,0,0,0,Card
C20177,18,Female,Amman,Gold,37,1599.44,174.0,10,500.0,12,23,0.246,0.305,4,1,0,0,Card
C20178,60,Male,Zarqa,Gold,8,2488.08,204.78,7,269.4,25,13,0.102,0.778,3,0,0,0,Card
C20179,46,Male,Amman,Gold,13,1299.35,209.4,8,310.37,86,18,0.284,0.727,4,1,0,0,Digital Wallet
C20180,58,Female,Irbid,Basic,51,1792.625,109.34,19,310.58,77,14,0.83,0.455,2,2,0,0,Digital Wallet
C20181,52,Male,Zarqa,Basic,22,1549.37,53.7,6,208.64,0,16,0.624,0.516,4,0,0,0,Digital Wallet
C20182,42,Male,Irbid,Basic,7,1648.71,108.91,3,217.94,6,17,0.286,0.908,4,2,0,0,Cash
C20183,42,Male,Amman,Basic,3,1822.21,86.51,6,41.18,18,7,0.486,0.119,4,5,1,0,Card
C20184,41,Male,Zarqa,Silver,15,2202.02,154.81,7,252.32,9,12,0.703,0.192,3,1,0,0,Card
C20185,24,Female,Amman,Gold,20,1295.87,181.01,7,497.42,22,26,0.713,0.576,3,1,0,1,Card
C20186,42,Female,Irbid,Silver,31,1572.56,116.18,17,208.83,19,10,0.431,0.442,3,4,1,0,Bank Transfer
C20187,55,Male,Zarqa,Silver,44,1421.78,113.7,21,227.84,4,7,0.225,0.181,4,0,0,0,Bank Transfer
C20188,23,Male,Amman,Gold,22,2096.09,199.09,11,362.2,75,18,0.592,0.49,5,0,0,1,Digital Wallet
C20189,20,Female,Amman,Silver,18,1144.15,138.61,9,299.58,8,14,0.732,0.59,4,1,0,1,Cash
C20190,46,Male,Amman,Gold,39,1315.58,142.49,21,240.12,12,220,0.487,0.775,5,1,0,1,Card
C20191,19,Male,Zarqa,Basic,23,2173.15,152.36,12,255.84,38,9,0.243,0.53,5,0,0,0,Cash
C20192,66,Female,Amman,Basic,32,2414.32,203.74,15,378.18,22,17,0.409,0.394,3,1,0,1,Digital Wallet
C20193,55,Female,Amman,Gold,38,2154.81,274.04,18,500.0,157,24,0.222,0.325,3,2,0,1,Card
C20194,51,Male,Amman,Gold,19,1430.38,180.52,11,500.0,5,9,0.125,0.443,5,1,0,0,Card
C20195,24,Female,Amman,Gold,45,1852.49,178.13,28,286.1,154,15,0.554,0.519,3,2,0,1,Bank Transfer
C20196,31,Female,Amman,Silver,39,1871.03,180.52,15,500.0,51,18,0.362,0.316,4,1,0,1,Digital Wallet
C20197,28,Male,Amman,Silver,24,1919.88,156.5,13,258.06,19,11,0.333,0.49,3,2,0,1,Card
C20198,28,Male,Balqa,Silver,37,1305.79,170.56,21,221.98,20,17,0.065,0.195,3,2,0,0,Digital Wallet
C20199,49,Female,Irbid,Basic,15,2237.76,143.08,9,248.2,129,18,0.491,0.863,4,0,0,0,Cash
C20200,32,Female,Irbid,Basic,35,880.54,122.87,18,241.81,24,19,0.261,0.241,4,3,1,0,Digital Wallet
C20201,45,Male,Amman,Silver,1,1822.36,130.64,1,144.47,52,11,0.576,0.133,4,1,0,1,Card
C20202,60,Male,Zarqa,Silver,19,2222.42,244.63,11,365.8,23,14,0.714,0.749,3,0,0,1,Digital Wallet
C20203,30,Female,Amman,Basic,17,1268.38,190.54,12,244.82,13,10,0.469,0.954,4,3,1,1,Card
C20204,55,Female,Balqa,Basic,36,845.3,67.61,15,151.67,11,11,0.411,0.463,3,2,0,0,Card
C20205,57,Female,Other,Basic,51,2517.7,161.27,20,415.74,7,17,0.716,0.882,4,1,0,0,Cash
C20206,63,Female,Balqa,Basic,20,1811.02,122.32,9,284.14,29,12,0.223,0.328,4,0,0,0,Card
C20207,18,Female,Balqa,Basic,44,1862.16,119.48,23,215.91,49,12,0.472,0.15,5,2,0,1,Card
C20208,60,Female,Irbid,Basic,8,1630.7,67.71,8,75.14,17,20,0.486,0.642,3,1,0,1,Digital Wallet
C20209,40,Male,Zarqa,Basic,3,2062.36,104.65,3,114.94,105,10,0.34,0.564,3,2,0,1,Card
C20210,25,Female,Amman,Basic,23,1155.54,105.56,7,357.99,70,14,0.119,0.458,4,1,0,1,Cash
C20211,66,Male,Zarqa,Silver,63,2087.36,137.11,21,391.97,133,12,0.216,0.777,2,2,0,0,Cash
C20212,32,Male,Irbid,Gold,32,1449.01,194.94,16,420.73,16,13,0.486,0.604,4,0,0,0,Digital Wallet
C20213,64,Male,Amman,Basic,46,1931.9,197.4,19,474.67,75,19,0.353,0.823,4,0,0,1,Card
C20214,64,Male,Zarqa,Gold,8,2588.07,202.98,8,214.43,60,18,0.305,0.265,5,3,1,1,Bank Transfer
C20215,34,Female,Amman,Gold,2,454.62,307.05,9,61.49,76,12,0.686,0.781,4,3,1,0,Card
C20216,35,Female,Other,Gold,33,2330.52,189.77,21,300.16,3,13,0.454,0.462,5,1,0,0,Card
C20217,56,Male,Zarqa,Silver,30,1557.02,156.4,8,479.29,9,13,0.311,0.551,4,1,0,1,Digital Wallet
C20218,56,Female,Amman,Platinum,22,1864.89,286.83,14,405.66,6,22,0.326,0.9,5,2,0,1,Card
C20219,25,Male,Irbid,Gold,34,1811.35,215.54,17,378.52,11,14,0.801,0.667,5,1,0,1,Card
C20220,67,Male,Zarqa,Platinum,11,1809.27,247.51,2,500.0,42,11,0.622,0.345,3,2,0,0,Cash
C20221,69,Male,Irbid,Gold,10,2132.95,281.68,9,260.96,29,13,0.811,0.371,3,2,0,1,Card
C20222,44,Male,Irbid,Gold,25,2261.71,154.79,17,246.03,38,13,0.251,0.305,5,1,0,0,Digital Wallet
C20223,70,Female,Amman,Basic,26,2018.64,106.9,12,240.55,59,15,0.332,0.339,4,5,1,0,Cash
C20224,18,Male,Amman,Basic,36,1446.1,128.98,14,394.5,36,15,0.323,0.701,2,2,1,1,Card
C20225,41,Male,Balqa,Basic,39,1715.5,63.79,14,165.69,149,16,0.311,0.594,4,2,0,0,Bank Transfer
C20226,39,Male,Amman,Basic,29,2338.01,180.84,16,343.39,2,17,0.215,0.766,4,0,0,0,Digital Wallet
C20227,46,Male,Zarqa,Basic,34,2103.35,120.64,17,228.99,96,15,0.085,0.27,3,1,0,0,Bank Transfer
C20228,43,Male,Balqa,Silver,14,2475.16,127.41,4,500.0,9,12,0.539,0.182,4,2,0,1,Card
C20229,44,Female,Irbid,Basic,18,2004.97,71.63,9,143.4,41,17,0.175,0.52,3,0,0,0,Cash
C20230,26,Female,Amman,Gold,19,1728.16,360.17,11,500.0,109,16,0.73,0.308,5,2,0,1,Digital Wallet
C20231,54,Male,Amman,Platinum,47,2242.1,360.9,23,500.0,42,24,0.701,0.388,2,1,0,1,Card
C20232,26,Male,Amman,Basic,19,1768.8,107.57,9,237.78,73,11,0.504,0.686,3,2,0,1,Card
C20233,58,Male,Amman,Basic,24,1235.31,277.88,7,500.0,15,19,0.12,0.132,3,1,0,0,Cash
C20234,59,Female,Amman,Platinum,57,2582.94,294.84,21,500.0,1,18,0.4165,0.774,3,1,0,0,Card
C20235,49,Male,Amman,Platinum,19,2405.19,227.92,11,351.27,18,20,0.166,0.615,5,0,0,0,Bank Transfer
C20236,43,Female,Amman,Basic,44,2387.25,193.92,21,426.99,59,16,0.418,0.311,3,2,0,0,Card
C20237,23,Male,Irbid,Gold,38,350.0,186.07,14,486.9,2,21,0.389,0.915,2,2,0,0,Card
C20238,29,Male,Amman,Gold,28,2230.0,355.78,18,500.0,6,25,0.66,0.41,4,2,0,0,Cash
C20239,57,Male,Balqa,Silver,8,2015.49,170.06,3,466.87,12,9,0.512,0.279,2,0,1,0,Card
C20240,52,Male,Zarqa,Gold,69,2638.61,234.35,30,500.0,0,16,0.106,0.683,5,0,0,0,Card
C20241,24,Female,Balqa,Basic,84,350.0,194.27,30,500.0,86,17,0.587,0.845,4,2,0,0,Cash
C20242,46,Female,Irbid,Basic,29,1848.59,166.54,14,356.13,38,18,0.146,0.759,5,2,0,0,Card
C20243,52,Male,Balqa,Basic,45,1421.45,117.05,19,315.9,64,13,0.228,0.341,4,5,1,0,Cash
C20244,34,Female,Amman,Silver,4,1617.23,87.06,3,115.73,60,16,0.517,0.243,3,2,0,1,Digital Wallet
C20245,56,Female,Amman,Silver,41,1889.44,131.62,24,192.42,27,8,0.125,0.605,3,6,1,0,Cash
C20246,44,Female,Amman,Basic,25,1769.19,238.53,11,492.17,67,13,0.728,0.138,3,0,0,0,Card
C20247,54,Male,Zarqa,Basic,84,1334.37,126.36,39,238.6,5,13,0.458,0.778,4,1,0,1,Digital Wallet
C20248,68,Male,Zarqa,Basic,6,1390.16,116.0,4,173.88,59,12,0.153,0.506,4,2,0,1,Card
C20249,59,Male,Irbid,Gold,30,1923.49,216.66,12,500.0,20,25,0.095,0.424,5,0,0,0,Digital Wallet
C20250,62,Female,Amman,Platinum,30,3066.76,180.52,17,500.0,12,27,0.111,0.348,4,1,0,0,Digital Wallet
C20251,42,Female,Irbid,Basic,84,2091.26,106.4,35,265.58,31,12,0.268,0.345,5,0,0,0,Bank Transfer
C20252,52,Male,Irbid,Basic,13,1919.47,190.08,7,337.35,0,10,0.381,0.679,5,3,1,1,Card
C20253,33,Female,Amman,Basic,41,758.82,238.67,21,428.33,2,15,0.583,0.711,3,0,0,0,Digital Wallet
C20254,34,Female,Other,Platinum,27,1575.81,352.0,18,479.28,18,15,0.13,0.475,4,2,0,0,Card
C20255,48,Female,Irbid,Gold,40,2095.84,141.69,16,362.16,3,19,0.589,0.478,3,1,0,1,Digital Wallet
C20256,61,Female,Balqa,Silver,80,3165.49,156.37,32,402.11,27,10,0.419,0.627,4,1,0,1,Cash
C20257,67,Male,Amman,Gold,67,1507.04,236.96,30,500.0,76,22,0.157,0.38,3,2,0,0,Digital Wallet
C20258,41,Female,Zarqa,Basic,43,1451.32,180.52,22,346.58,37,16,0.487,0.081,4,1,0,0,Card
C20259,68,Male,Amman,Silver,75,2577.57,145.32,34,341.73,46,12,0.129,0.415,5,0,0,0,Digital Wallet
C20260,51,Female,Amman,Silver,48,1971.06,155.04,12,500.0,24,14,0.817,0.313,3,3,1,0,Card
C20261,55,Female,Zarqa,Platinum,49,1720.58,255.87,18,500.0,16,12,0.438,0.522,5,0,0,1,Card
C20262,39,Female,Irbid,Silver,24,1580.21,177.77,16,270.69,11,13,0.364,0.802,3,0,0,1,Digital Wallet
C20263,44,Male,Balqa,Basic,23,1924.39,89.19,9,204.05,21,12,0.538,0.156,3,3,1,0,Digital Wallet
C20264,59,Female,Amman,Silver,15,2235.9,115.64,7,246.12,237,16,0.52,0.357,4,2,0,1,Card
C20265,66,Male,Irbid,Gold,29,3069.18,197.47,13,404.69,12,9,0.345,0.79,3,1,0,0,Cash
C20266,30,Male,Irbid,Basic,24,962.47,102.2,14,172.48,81,19,0.415,0.424,3,2,0,1,Card
C20267,41,Male,Amman,Silver,18,2225.77,249.22,15,260.49,24,18,0.093,0.078,4,25,0,1,Digital Wallet
C20268,63,Female,Amman,Basic,11,1935.65,107.97,1,500.0,92,9,0.156,0.282,4,3,1,0,Card
C20269,61,Female,Amman,Silver,48,2325.62,167.0,21,356.34,67,17,0.668,0.759,4,1,0,1,Bank Transfer
C20270,23,Male,Zarqa,Basic,18,1615.13,134.08,7,356.7,31,11,0.071,0.581,4,1,0,0,Card
C20271,51,Female,Balqa,Gold,84,2172.62,203.38,33,430.06,103,14,0.596,0.438,3,1,0,1,Card
C20272,69,Female,Amman,Basic,14,1312.66,166.48,13,183.46,90,13,0.581,0.612,3,3,1,1,Card
C20273,50,Female,Amman,Silver,31,1672.24,109.46,15,263.55,59,350,0.544,0.466,4,1,0,1,Card
C20274,65,Male,Amman,Silver,26,2603.6,129.44,12,253.26,28,13,0.778,0.204,4,1,0,0,Digital Wallet
C20275,69,Female,Irbid,Gold,31,2104.74,333.9,23,377.01,99,18,0.568,0.226,4,1,0,1,Card
C20276,38,Female,Zarqa,Basic,17,1360.43,154.52,7,409.24,21,9,0.433,0.244,2,3,1,0,Card
C20277,56,Male,Other,Silver,18,2837.94,130.96,14,165.71,8,15,0.39,0.248,2,4,1,0,Card
C20278,31,Male,Zarqa,Basic,84,1426.54,80.09,32,171.13,3,18,0.394,0.575,4,1,0,1,Card
C20279,61,Female,Amman,Gold,56,1294.27,231.12,21,500.0,49,10,0.643,0.624,4,1,0,0,Cash
C20280,70,Male,Amman,Platinum,33,2631.1,368.01,18,500.0,21,18,0.804,0.263,5,0,0,0,Cash
C20281,36,Female,Zarqa,Gold,6,1639.25,204.38,11,114.8,7,19,0.273,0.55,2,4,1,0,Card
C20282,54,Female,Amman,Silver,12,1457.57,140.07,12,156.88,62,19,0.381,0.452,2,3,1,0,Digital Wallet
C20283,57,Male,Amman,Silver,23,2664.53,155.75,15,207.22,34,15,0.407,0.433,5,0,0,1,Digital Wallet
C20284,50,Female,Amman,Basic,11,1834.48,107.61,5,226.01,47,18,0.552,0.418,4,3,1,0,Card
C20285,19,Male,Amman,Basic,48,1497.15,175.82,15,500.0,104,18,0.464,0.381,4,1,0,0,Cash
C20286,48,Male,Other,Basic,16,2794.08,246.42,11,367.53,6,13,0.279,0.206,2,1,1,1,Digital Wallet
C20287,64,Male,Zarqa,Silver,12,2364.72,134.82,5,243.77,73,21,0.129,0.686,5,1,0,0,Card
C20288,35,Male,Amman,Basic,14,1707.36,137.76,7,197.76,78,14,0.231,0.687,4,2,0,0,Card
C20289,53,Female,Zarqa,Platinum,14,2415.08,288.82,10,352.43,25,16,0.286,0.343,2,4,1,0,Bank Transfer
C20290,46,Male,Irbid,Silver,20,2784.2,252.24,19,250.92,55,22,0.221,0.289,4,4,1,0,Cash
C20291,66,Male,Amman,Silver,23,2508.8,264.09,9,500.0,6,15,0.119,0.633,3,3,1,1,Digital Wallet
C20292,33,Female,Other,Silver,23,1471.08,269.83,16,394.81,39,14,0.284,0.137,4,1,0,1,Card
C20293,36,Female,Balqa,Silver,76,1855.76,129.61,23,402.6,11,11,0.74,0.421,2,2,1,0,Bank Transfer
C20294,37,Male,Irbid,Gold,11,1607.51,181.47,5,433.53,15,16,0.386,0.578,5,1,0,1,Card
C20295,67,Male,Amman,Basic,64,2009.72,242.63,24,500.0,18,15,0.389,0.78,5,1,0,1,Card
C20296,64,Male,Irbid,Basic,3,2658.76,293.7,6,132.71,6,12,0.331,0.539,4,0,0,1,Cash
C20297,40,Female,Amman,Gold,57,1372.85,136.27,24,300.86,50,16,0.174,0.477,4,2,0,0,Card
C20298,37,Female,Amman,Basic,22,1954.84,115.7,9,234.54,84,9,0.72,0.457,3,3,1,0,Digital Wallet
C20299,64,Female,Amman,Basic,7,2661.72,348.92,11,237.8,3,15,0.328,0.178,3,0,0,0,Cash
C20300,53,Male,Amman,Gold,44,2458.88,193.53,24,407.74,8,15,0.262,0.557,3,3,1,0,Digital Wallet
