Customer_ID,Age,Gender,Region,Membership_Level,Tenure_Months,Monthly_Income_JD,Monthly_Spend_JD,Total_Orders,Average_Order_Value_JD,Days_Since_Last_Purchase,Website_Visits_Last_30_Days,Email_Engagement_Rate,Discount_Usage_Rate,Satisfaction_Score,Support_Tickets_Last_6_Months,Complaint_Flag,Last_Campaign_Response,Payment_Method,Churn_Probability,Predicted_Churn,Annual_Spending_JD,Annual_Profit_JD,Expected_Saved_Profit_JD,Expected_Net_Benefit_JD,Selected_for_Retention
C20001,24,Female,Irbid,Platinum,84,2074.52,264.83,37,500.0,4,21,0.183,0.914,4,0,0,0,Card,0.09966707081924608,0,3177.96,794.49,27.714571883313983,7.714571883313983,No
C20002,44,Male,Amman,Gold,12,2647.38,222.34,8,356.05,70,21,0.371,0.576,4,0,0,0,Bank Transfer,0.4785242849677299,0,2668.08,667.02,111.71484399571132,91.71484399571132,No
C20003,39,Female,Zarqa,Gold,12,1296.71,215.81,11,264.25,9,23,0.543,0.748,4,2,0,1,Digital Wallet,0.21620945413799078,0,2589.7200000000003,647.4300000000001,48.993170412395784,28.993170412395784,No
C20004,62,Female,Zarqa,Silver,84,2577.75,191.53,39,438.68,72,22,0.432,0.688,3,2,0,1,Card,0.22684903517861832,0,2298.36,574.59,45.620815493148804,25.620815493148804,No
C20005,44,Male,Irbid,Basic,19,1429.96,90.99,5,335.5,28,18,0.098,0.518,4,2,0,0,Card,0.6027287764762659,1,1091.8799999999999,272.96999999999997,57.58440594015419,37.58440594015419,No
C20006,45,Male,Amman,Silver,33,1476.87,171.13,18,337.45,63,12,0.747,0.849,4,2,0,1,Digital Wallet,0.3053839691117673,0,2053.56,513.39,54.87337656580157,34.87337656580157,No
C20007,27,Male,Balqa,Platinum,49,1580.96,227.77,19,500.0,420,7,0.093,0.388,4,1,0,1,Digital Wallet,0.9880567979669167,1,2733.2400000000002,683.3100000000001,236.30218171657086,216.30218171657086,Yes
C20008,60,Male,Zarqa,Silver,19,2431.82,349.86,16,366.14,103,18,0.178,0.721,3,3,1,0,Card,0.7945628457289731,1,4198.32,1049.58,291.8850450670754,271.8850450670754,Yes
C20009,62,Male,Amman,Platinum,49,3270.68,430.4,25,500.0,109,20,0.33,0.839,4,1,0,1,Digital Wallet,0.25345888327322597,0,5164.799999999999,1291.1999999999998,114.54313852883627,94.54313852883627,No
C20010,33,Male,Amman,Silver,15,1470.34,116.99,6,294.44,9,18,0.123,0.343,3,2,0,1,Card,0.3822319884476253,0,1403.8799999999999,350.96999999999997,46.95318634491206,26.953186344912062,No
C20011,59,Male,Amman,Platinum,6,2417.51,327.16,15,128.32,129,16,0.403,0.836,5,4,1,0,Card,0.8038202236829318,1,3925.92,981.48,276.12671559911337,256.12671559911337,Yes
C20012,49,Male,Other,Platinum,84,2803.16,472.49,33,500.0,44,17,0.031,0.707,5,0,0,0,Digital Wallet,0.07387103689754512,0,5669.88,1417.47,36.64849253490715,16.64849253490715,No
C20013,63,Female,Amman,Platinum,17,2095.92,253.39,7,500.0,12,17,0.643,0.65,4,0,0,1,Bank Transfer,0.07308896115993262,0,3040.68,760.17,19.44601246173109,-0.5539875382689097,No
C20014,56,Female,Amman,Silver,24,1635.05,114.95,11,229.32,30,15,0.41,0.237,2,4,1,1,Card,0.6367206093407081,1,1379.4,344.85,76.85058574590012,56.85058574590012,No
C20015,63,Female,Balqa,Silver,36,2322.09,194.94,16,371.81,40,15,0.154,0.296,3,2,0,0,Bank Transfer,0.4184316494682573,0,2339.2799999999997,584.8199999999999,85.64751903470916,65.64751903470916,No
C20016,62,Female,Other,Silver,11,2269.31,161.78,7,268.95,19,23,0.196,0.495,3,2,0,0,Bank Transfer,0.4447343635612327,0,1941.3600000000001,485.34000000000003,75.54658160378304,55.54658160378304,No
C20017,43,Female,Irbid,Silver,53,1917.2,102.92,26,167.83,35,10,0.558,0.545,3,0,0,0,Card,0.2931970114145188,0,1235.04,308.76,31.68462823552139,11.68462823552139,No
C20018,38,Female,Other,Silver,12,2515.91,201.06,12,155.53,7,16,0.101,0.762,3,2,0,0,Card,0.40254363187250536,0,2412.7200000000003,603.1800000000001,84.98219375550022,64.98219375550022,No
C20019,52,Female,Amman,Basic,53,1778.45,132.02,22,336.61,18,12,0.823,0.585,5,1,0,1,Card,0.09539880325618746,0,1584.2400000000002,396.06000000000006,13.224277506175962,-6.775722493824038,No
C20020,29,Female,Balqa,Gold,14,1822.15,144.67,7,297.31,17,19,0.576,0.253,3,2,0,1,Card,0.24550730512896785,0,1736.04,434.01,37.29341892465816,17.293418924658162,No
C20021,27,Male,Amman,Gold,5,1569.82,123.92,7,78.58,31,9,0.126,0.852,1,3,1,0,Cash,0.8907193131617862,1,1487.04,371.76,115.89683415135896,95.89683415135896,Yes
C20022,31,Female,Amman,Gold,9,1643.28,152.51,7,143.42,150,21,0.189,0.485,3,1,0,0,Digital Wallet,0.9135104636122003,1,1830.12,457.53,146.28545484577148,126.28545484577148,Yes
C20023,28,Male,Irbid,Gold,26,1847.46,222.68,16,351.35,56,24,0.411,0.756,2,5,1,1,Cash,0.8364841150744774,1,2672.16,668.04,195.58169688202383,175.58169688202383,Yes
C20024,29,Female,Irbid,Platinum,4,1022.48,270.72,6,148.0,8,9,0.214,0.31,3,5,1,0,Card,0.7120573941896219,1,3248.6400000000003,812.1600000000001,202.40658664276515,182.40658664276515,Yes
C20025,41,Female,Irbid,Gold,39,1936.09,203.02,26,253.33,5,14,0.556,0.643,3,3,1,1,Bank Transfer,0.4034218579629731,0,2436.2400000000002,609.0600000000001,85.99784088382494,65.99784088382494,No
C20026,58,Male,Amman,Silver,17,1420.29,272.84,12,341.05,47,17,0.367,0.68,5,1,0,1,Card,0.22882244501400084,0,3274.08,818.52,65.55351169250099,45.55351169250099,No
C20027,22,Female,Amman,Silver,17,1268.55,154.87,8,313.9,38,12,0.651,0.751,4,0,0,1,Cash,0.23279156042872498,0,1858.44,464.61,37.855050411776475,17.855050411776475,No
C20028,18,Male,Amman,Silver,24,350.0,65.33,10,136.13,87,18,0.264,0.734,3,2,0,0,Cash,0.8237277229483967,1,783.96,195.99,56.5048387472297,36.5048387472297,No
C20029,68,Female,Amman,Silver,38,1420.09,321.04,18,500.0,26,16,0.361,0.763,3,1,0,0,Cash,0.3561409756246575,0,3852.4800000000005,963.1200000000001,120.05227375526705,100.05227375526705,No
C20030,50,Female,Other,Basic,8,1572.03,171.7,4,319.84,18,17,0.497,0.669,4,0,0,1,Digital Wallet,0.18471238467141554,0,2060.3999999999996,515.0999999999999,33.300872270486146,13.300872270486146,No
C20031,36,Male,Irbid,Basic,70,2131.85,124.59,28,272.42,40,11,0.802,0.128,2,2,0,1,Digital Wallet,0.32178210066885277,0,1495.08,373.77,42.09537351844898,22.09537351844898,No
C20032,59,Male,Amman,Gold,35,1813.94,1800.0,11,500.0,6,18,0.291,0.375,3,0,0,0,Card,0.026597437151158115,0,21600.0,5400.0,50.26915621568884,30.269156215688838,No
C20033,59,Female,Irbid,Silver,20,2372.72,139.08,6,500.0,15,21,0.137,0.116,2,7,1,1,Digital Wallet,0.816619082941202,1,1668.96,417.24,119.2541511582355,99.2541511582355,Yes
C20034,26,Female,Balqa,Gold,38,1314.54,227.24,14,500.0,92,10,0.4165,0.23,3,1,0,1,Card,0.4079800025931465,0,2726.88,681.72,97.34484457872992,77.34484457872992,No
C20035,69,Female,Balqa,Silver,28,2724.92,129.78,10,351.19,68,15,0.57,0.636,5,1,0,0,Card,0.22621402494865905,0,1557.3600000000001,389.34000000000003,30.82595896572882,10.82595896572882,No
C20036,62,Female,Other,Basic,8,1728.66,162.17,5,278.66,43,16,0.465,0.575,4,0,0,1,Card,0.2358563407530346,0,1946.04,486.51,40.1612639189156,20.1612639189156,No
C20037,27,Male,Balqa,Platinum,48,1079.9,261.53,24,500.0,58,13,0.413,0.612,4,2,0,1,Cash,0.2181245754566547,0,3138.3599999999997,784.5899999999999,59.89842623013784,39.89842623013784,No
C20038,25,Male,Balqa,Basic,23,1117.85,179.93,15,251.09,75,13,0.075,0.727,3,4,1,1,Cash,0.8361969506357891,1,2159.16,539.79,157.97976319429242,137.97976319429242,Yes
C20039,27,Male,Amman,Basic,21,1749.67,152.06,8,338.02,3,16,0.294,0.609,4,0,0,0,Digital Wallet,0.31029854826841463,0,1824.72,456.18,49.54319711217988,29.543197112179882,No
C20040,67,Female,Amman,Silver,12,1841.82,199.57,9,200.35,31,16,0.626,0.874,3,1,0,1,Card,0.23022465693318572,0,2394.84,598.71,48.24323152336366,28.24323152336366,No
C20041,44,Female,Amman,Basic,73,1021.93,88.77,23,305.14,55,11,0.649,0.544,2,2,1,1,Digital Wallet,0.48620406005478095,0,1065.24,266.31,45.31835113161605,25.318351131616048,No
C20042,46,Male,Amman,Gold,19,1465.73,205.62,13,281.01,127,19,0.25,0.68,4,3,1,1,Card,0.8394629958288256,1,2467.44,616.86,181.24090026243925,161.24090026243925,Yes
C20043,26,Male,Irbid,Platinum,54,1555.54,328.47,27,355.13,58,17,0.661,0.567,2,1,0,0,Cash,0.3918184958608548,0,3941.6400000000003,985.4100000000001,135.13565240218574,115.13565240218574,No
C20044,30,Male,Amman,Gold,43,1568.63,181.88,29,239.86,19,14,0.217,0.556,4,2,0,0,Card,0.4418707548867284,0,2182.56,545.64,84.38582554373806,64.38582554373806,No
C20045,44,Female,Amman,Basic,21,2194.44,164.59,12,259.59,36,12,0.718,0.663,4,0,0,1,Card,0.18539761824230647,0,1975.08,493.77,32.04032368582627,12.040323685826273,No
C20046,62,Male,Irbid,Basic,53,2314.24,350.51,26,500.0,45,18,0.779,0.697,4,2,0,1,Digital Wallet,0.20097725982746534,0,4206.12,1051.53,73.96676630923112,53.96676630923112,No
C20047,65,Male,Irbid,Silver,53,2343.36,170.19,26,340.32,36,18,0.51,0.537,3,1,0,0,Digital Wallet,0.3418424397286424,0,2042.28,510.57,61.08707305828853,41.08707305828853,No
C20048,56,Male,Amman,Basic,60,1720.49,224.07,31,374.4,38,8,0.687,0.418,4,2,0,1,Digital Wallet,0.22741276849007916,0,2688.84,672.21,53.50419798735064,33.50419798735064,No
C20049,70,Male,Amman,Silver,39,2167.01,316.83,21,500.0,17,17,0.602,0.707,4,1,0,1,Card,0.1020849201699768,0,3801.96,950.49,33.96074352032644,13.960743520326439,No
C20050,60,Female,Other,Platinum,27,1792.625,256.07,12,500.0,37,17,0.475,0.728,3,2,0,0,Cash,0.3179056618451344,0,3072.84,768.21,85.47640797011775,65.47640797011775,No
C20051,30,Female,Irbid,Silver,40,1150.61,137.66,14,337.08,33,12,0.342,0.831,5,1,0,1,Digital Wallet,0.21285658616235553,0,1651.92,412.98,30.766929533665355,10.766929533665355,No
C20052,31,Male,Irbid,Basic,27,1790.39,85.39,11,178.55,60,17,0.106,0.51,3,31,1,1,Digital Wallet,0.9997588076103359,1,1024.68,256.17,89.63787481093891,69.63787481093891,No
C20053,40,Female,Balqa,Gold,13,2349.96,199.85,13,196.39,136,21,0.336,0.508,4,2,0,0,Card,0.780138202801364,1,2398.2,599.55,163.7061508213452,143.7061508213452,Yes
C20054,40,Male,Balqa,Basic,32,1449.8,163.62,16,281.3,100,14,0.225,0.345,4,4,1,0,Card,0.8476593978635536,1,1963.44,490.86,145.62873221235637,125.62873221235637,Yes
C20055,38,Female,Amman,Basic,5,1095.68,189.65,9,103.89,240,13,0.615,0.259,4,1,0,1,Card,0.9356607812681306,1,2275.8,568.95,186.32047052587603,166.32047052587603,Yes
C20056,58,Female,Amman,Platinum,24,2191.21,241.19,17,273.44,1,17,0.212,0.712,4,1,0,1,Card,0.12241342676633553,0,2894.2799999999997,723.5699999999999,31.001139121861087,11.001139121861087,No
C20057,60,Female,Amman,Silver,55,2054.76,256.08,21,500.0,68,18,0.456,0.177,3,3,1,0,Digital Wallet,0.6443167185107533,1,3072.96,768.24,173.2464565400454,153.2464565400454,Yes
C20058,28,Female,Amman,Silver,6,931.56,152.79,5,136.09,64,17,0.191,0.508,3,0,0,1,Cash,0.5696289505771062,1,1833.48,458.37,91.38528772660985,71.38528772660985,No
C20059,57,Female,Amman,Basic,14,1792.625,212.66,10,287.37,18,23,0.398,0.368,4,0,0,0,Bank Transfer,0.3470459266088857,0,2551.92,637.98,77.49292609027792,57.49292609027792,No
C20060,52,Male,Amman,Silver,37,1750.58,146.05,22,223.81,38,14,0.429,0.529,4,0,0,1,Card,0.19232254044198765,0,1752.6000000000001,438.15000000000003,29.49314238312991,9.49314238312991,No
C20061,54,Male,Balqa,Platinum,38,2375.9,320.95,21,500.0,17,17,0.269,0.386,3,3,1,0,Digital Wallet,0.3502574853115365,0,3851.3999999999996,962.8499999999999,118.0358969062745,98.0358969062745,No
C20062,54,Male,Balqa,Platinum,31,2385.8,328.5,18,500.0,96,14,0.461,0.113,3,2,0,0,Digital Wallet,0.4715379603858377,0,3942.0,985.5,162.64523098608504,142.64523098608504,No
C20063,46,Male,Amman,Basic,49,1434.91,127.23,30,226.94,240,15,0.847,0.289,4,3,1,1,Card,0.9466546212648329,1,1526.76,381.69,126.46501083670091,106.46501083670091,Yes
C20064,50,Female,Irbid,Platinum,38,2039.47,374.13,26,500.0,17,12,0.347,0.398,4,1,0,0,Card,0.19942027467816528,0,4489.5599999999995,1122.3899999999999,78.33956273360907,58.33956273360907,No
C20065,34,Male,Other,Basic,73,1527.68,88.32,30,194.49,7,8,0.683,0.294,3,3,1,1,Card,0.23709897869083338,0,1059.84,264.96,21.98761088787312,1.987610887873121,No
C20066,48,Female,Amman,Silver,51,888.72,185.81,29,325.22,4,16,0.256,0.265,3,3,1,0,Card,0.5579362768524485,1,2229.7200000000003,557.4300000000001,108.85364658205114,88.85364658205114,No
C20067,48,Male,Amman,Basic,16,1975.41,159.95,9,250.3,9,19,0.546,0.217,3,4,1,0,Digital Wallet,0.684524520044299,1,1919.3999999999999,479.84999999999997,114.96418183013988,94.96418183013988,Yes
C20068,70,Female,Balqa,Gold,32,3433.17,227.23,12,454.52,46,7,0.446,0.772,4,0,0,1,Bank Transfer,0.10819848693216762,0,2726.7599999999998,681.6899999999999,25.815239294876264,5.815239294876264,No
C20069,51,Female,Irbid,Gold,35,1708.74,280.38,11,500.0,29,15,0.576,0.387,5,0,0,1,Bank Transfer,0.11659464828386462,0,3364.56,841.14,34.325347860121454,14.325347860121454,No
C20070,45,Female,Zarqa,Gold,11,1197.75,168.97,8,174.7,162,21,0.378,0.397,5,0,0,0,Card,0.7525005036525272,1,2027.6399999999999,506.90999999999997,133.50751060727586,113.50751060727586,Yes
C20071,68,Female,Zarqa,Silver,40,2081.42,194.63,16,500.0,101,14,0.514,0.551,2,4,1,1,Bank Transfer,0.7005951263100814,1,2335.56,583.89,143.17467090541768,123.17467090541768,Yes
C20072,18,Male,Amman,Basic,12,1254.58,440.06,17,294.92,18,19,0.168,0.546,3,4,1,1,Digital Wallet,0.6882421049611417,1,5280.72,1320.18,318.01121174466,298.01121174466,Yes
C20073,61,Male,Zarqa,Silver,7,2046.94,374.48,11,247.12,14,20,0.524,0.438,3,3,1,0,Card,0.43014811072640025,0,4493.76,1123.44,169.1359577300635,149.1359577300635,No
C20074,51,Female,Balqa,Gold,26,1987.79,212.62,6,500.0,52,15,0.462,0.718,4,2,0,1,Cash,0.26955513563534317,0,2551.44,637.86,60.178453585726,40.178453585726,No
C20075,22,Female,Amman,Basic,6,1898.87,136.25,9,100.16,9,12,0.438,0.246,4,3,1,0,Digital Wallet,0.6682740640825539,1,1635.0,408.75,95.60495829281035,75.60495829281035,No
C20076,23,Female,Amman,Gold,7,1346.36,191.63,8,184.9,13,14,0.212,0.467,5,1,0,1,Cash,0.31510867488798155,0,2299.56,574.89,63.4034891372231,43.4034891372231,No
C20077,58,Female,Amman,Silver,19,1388.34,219.26,14,268.35,30,14,0.297,0.774,3,0,0,0,Card,0.38022273829164915,0,2631.12,657.78,87.53601947771834,67.53601947771834,No
C20078,25,Female,Other,Silver,23,1925.88,198.8,12,371.3,14,19,0.239,0.33,4,2,0,0,Card,0.33327363772780744,0,2385.6000000000004,596.4000000000001,69.56753913930254,49.56753913930254,No
C20079,42,Female,Amman,Basic,32,1766.76,171.57,21,310.96,36,17,0.25,0.495,4,1,0,1,Card,0.3556935278018931,0,2058.84,514.71,64.07765549321934,44.07765549321934,No
C20080,26,Female,Balqa,Platinum,19,1564.19,403.51,18,449.78,45,20,0.539,0.498,3,0,0,1,Card,0.13376162735331656,0,4842.12,1210.53,56.6728619660036,36.6728619660036,No
C20081,36,Male,Irbid,Silver,17,12000.0,110.28,7,223.6,46,15,0.363,0.697,4,1,0,0,Cash,0.17936676887127959,0,1323.3600000000001,330.84000000000003,20.76959563468095,0.7695956346809503,No
C20082,51,Male,Other,Basic,22,1626.04,91.6,16,162.23,110,11,0.629,0.531,3,0,0,1,Card,0.5147392807897319,1,1099.1999999999998,274.79999999999995,49.507624026356396,29.507624026356396,No
C20083,19,Female,Other,Basic,11,1496.71,187.31,6,378.86,150,20,0.238,0.258,5,2,0,1,Cash,0.8148776812127863,1,2247.7200000000003,561.9300000000001,160.26647539136536,140.26647539136536,Yes
C20084,67,Male,Amman,Silver,38,1958.16,142.91,18,286.39,37,16,0.476,0.042,2,5,1,0,Bank Transfer,0.77210405393697,1,1714.92,428.73,115.858459865539,95.858459865539,Yes
C20085,48,Male,Zarqa,Basic,39,1431.71,80.98,16,167.56,11,14,0.528,0.826,3,2,0,0,Digital Wallet,0.34164450969800336,0,971.76,242.94,29.049691015111524,9.049691015111524,No
C20086,50,Male,Other,Silver,84,2418.95,115.94,39,212.29,24,12,0.314,0.57,4,2,0,0,Card,0.1930293313451924,0,1391.28,347.82,23.498811709969686,3.4988117099696865,No
C20087,46,Male,Irbid,Basic,14,2148.88,101.11,5,228.6,24,18,0.307,0.761,3,3,1,0,Card,0.7215236549873163,1,1213.32,303.33,76.60091959355591,56.600919593555915,No
C20088,43,Male,Zarqa,Gold,28,1922.04,235.55,14,431.53,13,9,0.347,0.744,3,1,0,0,Card,0.2648155954225506,0,2826.6000000000004,706.6500000000001,65.4961791768709,45.496179176870896,No
C20089,32,Female,Irbid,Basic,56,1792.625,166.75,35,208.47,27,17,0.38,0.78,3,1,0,1,Digital Wallet,0.35351225247553736,0,2001.0,500.25,61.89557650531064,41.89557650531064,No
C20090,44,Male,Amman,Basic,25,911.91,48.47,11,96.37,24,10,0.11,0.655,4,2,0,0,Card,0.5749144994878165,1,581.64,145.41,29.259411079683186,9.259411079683186,No
C20091,58,Male,Irbid,Basic,22,1578.61,119.43,7,376.97,1,18,0.403,0.817,2,4,1,0,Digital Wallet,0.7332213648202678,1,1433.16,358.29,91.94705898050881,71.94705898050881,No
C20092,38,Male,Zarqa,Gold,21,1159.52,150.96,13,158.3,47,14,0.642,0.892,5,0,0,1,Bank Transfer,0.1513333131091982,0,1811.52,452.88,23.98754079431279,3.987540794312789,No
C20093,44,Male,Amman,Basic,68,1629.19,178.43,23,500.0,104,7,0.404,0.717,4,2,0,0,Card,0.5792843789233398,1,2141.16,535.29,108.5297973178561,88.5297973178561,No
C20094,62,Male,Irbid,Silver,13,1580.2,158.47,9,200.21,74,18,0.212,0.71,2,1,0,1,Cash,0.6739051759667226,1,1901.6399999999999,475.40999999999997,112.13344089721885,92.13344089721885,Yes
C20095,45,Female,Amman,Basic,60,1615.4,114.99,25,289.53,25,16,0.485,0.3,5,2,0,0,Digital Wallet,0.316473202681195,0,1379.8799999999999,344.96999999999997,38.21081625512614,18.21081625512614,No
C20096,21,Female,Balqa,Basic,38,1746.5,559.3,33,500.0,10,26,0.316,0.204,4,2,0,1,Card,0.17992089936071332,0,6711.599999999999,1677.8999999999999,105.6612469630693,85.6612469630693,No
C20097,30,Male,Amman,Silver,49,1397.64,95.09,29,166.73,40,14,0.229,0.126,3,4,1,0,Digital Wallet,0.7942258094052779,1,1141.08,285.27,79.29907882716526,59.29907882716526,No
C20098,58,Female,Other,Gold,15,2030.66,196.49,8,450.64,51,15,0.4165,0.414,2,2,1,0,Card,0.6755416361464202,1,2357.88,589.47,139.3740348907306,119.3740348907306,Yes
C20099,33,Female,Amman,Platinum,84,2035.69,410.91,48,500.0,158,15,0.238,0.338,3,2,0,0,Bank Transfer,0.7389724615405449,1,4930.92,1232.73,318.8337328802065,298.8337328802065,Yes
C20100,55,Female,Other,Basic,26,2144.5,161.59,15,180.53,139,13,0.347,0.42,5,1,0,1,Card,0.5760541615884068,1,1939.08,484.77,97.73882156962419,77.73882156962419,No
C20101,35,Female,Amman,Silver,26,1738.34,136.3,18,197.81,38,19,0.4165,0.583,3,3,1,0,Card,0.6891389872875912,1,1635.6000000000001,408.90000000000003,98.62612616566362,78.62612616566362,No
C20102,48,Female,Irbid,Silver,20,2212.02,178.95,10,326.1,29,18,0.194,0.174,3,1,0,1,Card,0.35738946687466727,0,2147.3999999999996,536.8499999999999,67.15258735208279,47.15258735208279,No
C20103,46,Female,Zarqa,Gold,17,2821.47,461.34,16,406.97,21,21,0.275,0.384,4,0,0,0,Card,0.19586437427525663,0,5536.08,1384.02,94.87807394955423,74.87807394955423,No
C20104,24,Female,Amman,Basic,58,1239.47,62.59,25,152.85,102,11,0.5,0.735,3,1,0,0,Digital Wallet,0.7073113017760349,1,751.08,187.77,46.48414509707012,26.48414509707012,No
C20105,33,Female,Amman,Basic,45,1637.65,131.23,16,314.12,45,10,0.139,0.85,4,1,0,0,Bank Transfer,0.47941893880253017,0,1574.7599999999998,393.68999999999994,66.05985470600882,46.05985470600882,No
C20106,19,Male,Amman,Gold,1,1701.02,176.45,6,29.81,14,9,0.358,0.527,3,2,0,0,Card,0.5339888460467297,1,2117.3999999999996,529.3499999999999,98.9334484791927,78.9334484791927,No
C20107,52,Female,Amman,Platinum,26,2708.22,279.2,18,381.1,85,18,0.7,0.345,3,3,1,1,Cash,0.5507939067280351,1,3350.3999999999996,837.5999999999999,161.47074169639072,141.47074169639072,Yes
C20108,53,Female,Amman,Platinum,14,2602.99,226.08,17,174.88,41,19,0.718,0.847,3,2,0,1,Card,0.2262220014664944,0,2712.96,678.24,53.70148359612231,33.70148359612231,No
C20109,26,Male,Zarqa,Gold,58,1325.29,139.18,29,221.32,9,19,0.84,0.268,4,3,1,0,Digital Wallet,0.31283366946291097,0,1670.16,417.54,45.71719962164035,25.717199621640347,No
C20110,49,Male,Zarqa,Basic,65,2740.7,267.77,30,500.0,3,21,0.562,0.737,5,1,0,1,Cash,0.06472698000902914,0,3213.24,803.31,18.198540608868615,-1.8014593911313845,No
C20111,66,Male,Irbid,Basic,16,1731.98,152.7,12,192.63,1,12,0.268,0.383,4,0,0,0,Digital Wallet,0.3558383769438059,0,1832.3999999999999,458.09999999999997,57.053346167285106,37.053346167285106,No
C20112,50,Male,Irbid,Silver,15,2578.64,305.21,19,244.92,36,18,0.289,0.527,4,1,0,0,Digital Wallet,0.4424071521405262,0,3662.5199999999995,915.6299999999999,141.7784412500505,121.77844125005049,No
C20113,60,Female,Irbid,Gold,26,1224.94,165.82,12,369.0,31,11,0.081,0.779,4,2,0,1,Card,0.40631466882374007,0,1989.84,497.46,70.7438533035702,50.743853303570205,No
C20114,70,Male,Irbid,Gold,12,2479.71,166.11,6,299.8,27,17,0.548,0.439,5,2,0,1,Card,0.21931801803184497,0,1993.3200000000002,498.33000000000004,38.25246177403326,18.252461774033257,No
C20115,27,Male,Amman,Silver,11,1577.96,87.33,4,202.97,21,14,0.348,0.109,3,3,1,0,Digital Wallet,0.7075422072198598,1,1047.96,261.99,64.87914400433588,44.879144004335885,No
C20116,46,Female,Zarqa,Basic,39,1377.9,128.35,20,289.09,27,7,0.762,0.555,5,0,0,1,Digital Wallet,0.10360215496947053,0,1540.1999999999998,385.04999999999995,13.962203419848118,-6.037796580151882,No
C20117,32,Male,Zarqa,Basic,47,1815.54,143.86,22,274.74,47,15,0.658,0.607,4,0,0,1,Card,0.1491043465132776,0,1726.3200000000002,431.58000000000004,22.522658853870123,2.522658853870123,No
C20118,19,Female,Amman,Basic,14,1500.04,117.36,7,238.88,5,16,0.362,0.173,4,6,1,0,Cash,0.8234262198297905,1,1408.32,352.08,101.4691662171854,81.4691662171854,No
C20119,48,Male,Balqa,Gold,40,1968.05,342.92,25,500.0,36,15,0.48,0.828,4,3,1,0,Cash,0.4594033031649716,0,4115.04,1028.76,165.41550975739864,145.41550975739864,No
C20120,43,Male,Irbid,Gold,13,2010.52,282.84,9,432.13,109,14,0.233,0.6,5,0,0,0,Digital Wallet,0.6425016207368782,1,3394.08,848.52,190.81141632967956,170.81141632967956,Yes
C20121,49,Female,Irbid,Silver,25,1978.47,106.51,10,211.0,60,9,0.321,0.385,4,2,0,0,Card,0.5615837090284327,1,1278.1200000000001,319.53000000000003,62.80499489104928,42.80499489104928,No
C20122,29,Male,Irbid,Silver,9,1334.35,193.01,9,191.02,22,15,0.65,0.264,4,0,0,0,Card,0.29314822583265615,0,2316.12,579.03,59.409566021359005,39.409566021359005,No
C20123,45,Female,Amman,Basic,38,1385.5,129.21,15,259.62,10,11,0.64,0.727,4,2,0,1,Cash,0.23462656020432326,0,1550.52,387.63,31.831902736200636,11.831902736200636,No
C20124,59,Male,Amman,Basic,40,1494.44,148.0,20,277.98,33,14,0.141,0.304,4,3,1,1,Digital Wallet,0.5834771034847578,1,1776.0,444.0,90.67234188153135,70.67234188153135,No
C20125,31,Female,Irbid,Silver,39,2256.32,138.53,22,170.35,10,18,0.978,0.497,3,2,0,1,Card,0.16147133687365475,0,1662.3600000000001,415.59000000000003,23.48705551196276,3.4870555119627618,No
C20126,54,Female,Amman,Silver,9,1516.4,229.54,7,341.48,45,23,0.583,0.489,4,3,1,1,Bank Transfer,0.4877144159253111,0,2754.48,688.62,117.5474653830707,97.5474653830707,No
C20127,45,Male,Amman,Basic,31,889.96,180.52,9,156.36,11,14,0.34,0.016,4,1,0,1,Digital Wallet,0.2511282769453823,0,2166.2400000000002,541.5600000000001,47.60036038188944,27.600360381889438,No
C20128,62,Female,Zarqa,Silver,28,1994.97,95.07,14,107.53,35,12,0.475,0.502,4,2,0,0,Digital Wallet,0.34017150448994377,0,1140.84,285.21,33.9571101784519,13.957110178451899,No
C20129,31,Male,Amman,Silver,38,596.59,152.62,12,449.87,15,15,0.508,0.746,4,1,0,1,Card,0.15679752828923102,0,1831.44,457.86,25.126960705877558,5.126960705877558,No
C20130,49,Female,Other,Basic,9,1656.32,235.9,17,113.21,29,17,0.584,0.506,4,2,0,0,Card,0.42573699545167687,0,2830.8,707.7,105.4529250884031,85.4529250884031,No
C20131,50,Male,Amman,Silver,29,2028.39,128.38,17,198.17,12,13,0.22,0.273,5,0,0,0,Digital Wallet,0.24393506747846058,0,1540.56,385.14,32.882203161029004,12.882203161029004,No
C20132,44,Female,Other,Basic,41,1184.87,153.88,18,303.62,41,7,0.55,0.188,4,0,0,0,Card,0.2758957833385852,0,1846.56,461.64,44.577585297148566,24.577585297148566,No
C20133,54,Male,Amman,Silver,12,2710.54,190.37,9,208.44,5,23,0.6,0.482,3,7,1,0,Bank Transfer,0.7139529064543342,1,2284.44,571.11,142.71097554179718,122.71097554179718,Yes
C20134,20,Female,Amman,Basic,3,1634.18,170.38,3,161.06,41,20,0.384,0.627,4,6,1,0,Card,0.8572210627961797,1,2044.56,511.14,153.35599091317374,133.35599091317374,Yes
C20135,31,Female,Irbid,Gold,40,1792.625,136.07,18,239.06,600,16,0.289,0.67,3,2,0,0,Bank Transfer,0.9999162807152001,1,1632.84,408.21,142.86153873276314,122.86153873276314,Yes
C20136,29,Male,Irbid,Platinum,7,2056.97,225.75,10,169.08,11,13,0.474,0.631,4,3,1,0,Card,0.43903304690781364,0,2709.0,677.25,104.06729585641087,84.06729585641087,No
C20137,58,Male,Irbid,Basic,30,1695.3,256.28,11,477.0,56,16,0.342,0.891,3,1,0,1,Card,0.39123819487916695,0,3075.3599999999997,768.8399999999999,105.27985081281454,85.27985081281454,No
C20138,53,Female,Irbid,Basic,39,1932.78,73.02,12,200.81,11,19,0.564,0.475,3,2,0,1,Card,0.2697154882168338,0,876.24,219.06,20.679356197072863,0.6793561970728632,No
C20139,20,Male,Amman,Gold,19,1668.47,215.9,13,215.06,37,11,0.142,0.531,4,1,0,0,Card,0.49649890724367,0,2590.8,647.7,112.55381977760378,92.55381977760378,No
C20140,61,Female,Other,Silver,20,2153.72,149.89,10,310.19,2,17,0.577,0.604,3,2,0,1,Bank Transfer,0.16677176788318818,0,1798.6799999999998,449.66999999999996,26.247291302411625,6.247291302411625,No
C20141,67,Female,Amman,Gold,27,2563.1,276.93,9,500.0,0,19,0.27,0.41,4,2,0,1,Card,0.16837485318057918,0,3323.16,830.79,48.959450495862676,28.959450495862676,No
C20142,65,Female,Amman,Platinum,22,2073.91,215.01,14,290.1,11,19,0.174,0.577,4,0,0,0,Digital Wallet,0.21412539733337294,0,2580.12,645.03,48.341056764680935,28.341056764680935,No
C20143,67,Female,Amman,Basic,55,1933.42,98.27,29,200.36,36,10,0.219,0.421,3,2,0,0,Card,0.5474295146192114,1,1179.24,294.81,56.485693321711395,36.485693321711395,No
C20144,68,Female,Zarqa,Silver,84,2514.69,386.74,27,500.0,5,22,0.365,0.314,4,1,0,0,Cash,0.07853190812696592,0,4640.88,1160.22,31.890001656473938,11.890001656473938,No
C20145,25,Male,Amman,Basic,2,892.7,93.87,4,51.81,5,14,0.435,0.766,3,0,0,0,Bank Transfer,0.4419381255764623,0,1126.44,281.61,43.55896844025563,23.558968440255633,No
C20146,62,Female,Amman,Gold,40,1629.46,147.21,16,344.32,139,11,0.248,0.731,2,3,1,1,Card,0.882759116453538,1,1766.52,441.63,136.44851800978157,116.44851800978157,Yes
C20147,53,Male,Amman,Basic,62,2268.19,174.91,37,258.84,9,14,0.531,0.094,4,1,0,1,Card,0.15338853455249676,0,2098.92,524.73,28.170648007506067,8.170648007506067,No
C20148,30,Female,Amman,Basic,15,1126.86,66.55,9,95.64,1,12,0.44,0.336,4,2,0,1,Card,0.3187599188506191,0,798.5999999999999,199.64999999999998,22.27414622948413,2.2741462294841313,No
C20149,53,Female,Irbid,Gold,17,2022.46,355.54,10,500.0,62,15,0.152,0.922,4,3,1,0,Cash,0.7777952990173121,1,4266.4800000000005,1066.6200000000001,290.3642076432459,270.3642076432459,Yes
C20150,52,Female,Zarqa,Basic,28,1572.26,93.65,16,156.37,82,18,0.55,0.195,4,4,1,0,Card,0.7901081427626708,1,1123.8000000000002,280.95000000000005,77.69330894821033,57.69330894821033,No
C20151,31,Female,Amman,Basic,30,1730.14,135.76,10,390.06,43,19,0.112,0.372,3,3,1,1,Cash,0.7380902459718708,1,1629.12,407.28,105.21328838279823,85.21328838279823,No
C20152,28,Male,Other,Silver,54,1199.65,176.82,28,245.7,117,16,0.24,0.934,3,2,0,0,Card,0.7169383422720651,1,2121.84,530.46,133.10748956457388,113.10748956457388,Yes
C20153,22,Male,Zarqa,Basic,23,1136.84,77.09,14,106.44,0,11,0.044,0.439,3,1,0,0,Cash,0.5255906194565428,1,925.08,231.27,42.54366989660013,22.54366989660013,No
C20154,44,Male,Amman,Gold,37,1539.96,403.03,24,500.0,81,14,0.703,0.43,3,3,1,1,Bank Transfer,0.5820026993522026,1,4836.36,1209.09,246.2927753159141,226.2927753159141,Yes
C20155,26,Male,Balqa,Silver,2,1640.67,135.88,5,49.46,25,10,0.221,0.827,4,3,1,1,Cash,0.496677831694068,0,1630.56,407.64,70.86301295911944,50.863012959119445,No
C20156,27,Male,Amman,Silver,51,2066.63,161.68,17,375.43,2,11,0.45,0.668,3,3,1,0,Cash,0.4392337401332738,0,1940.16,485.04,74.5660766599851,54.5660766599851,No
C20157,46,Male,Amman,Platinum,18,1676.67,231.09,17,263.95,22,16,0.348,0.933,4,2,0,0,Card,0.31003697433178806,0,2773.08,693.27,75.22876661824954,55.22876661824954,No
C20158,48,Female,Zarqa,Basic,27,1904.47,66.22,11,140.63,14,16,0.159,0.303,3,4,1,0,Cash,0.7474872438445027,1,794.64,198.66,51.973535551752114,31.973535551752114,No
C20159,34,Male,Amman,Silver,16,1839.99,295.89,14,298.71,73,14,0.263,0.274,4,0,0,1,Card,0.3653149889118887,0,3550.68,887.67,113.49770467259566,93.49770467259566,No
C20160,31,Female,Zarqa,Silver,32,724.61,164.69,15,393.33,2,18,0.726,0.63,2,2,0,1,Cash,0.23161706937710497,0,1976.28,494.07,40.05226591350119,20.052265913501188,No
C20161,44,Male,Amman,Silver,47,1317.04,146.67,22,300.32,16,17,0.159,0.354,2,0,1,0,Card,0.48753316913679784,0,1760.04,440.01,75.08181441315884,55.08181441315884,No
C20162,28,Male,Zarqa,Gold,7,2106.86,411.1,14,214.88,4,25,0.532,0.662,3,3,1,1,Card,0.31511121793501506,0,4933.200000000001,1233.3000000000002,136.01933277773895,116.01933277773895,No
C20163,34,Male,Amman,Silver,52,1359.59,300.25,28,500.0,48,15,0.138,0.6,5,2,0,1,Cash,0.3244124857194095,0,3603.0,900.75,102.27509127911533,82.27509127911533,No
C20164,53,Female,Irbid,Basic,44,1791.5,80.98,16,192.64,3,13,0.344,0.198,3,1,0,1,Bank Transfer,0.26358004579911687,0,971.76,242.94,22.411947714253106,2.411947714253106,No
C20165,57,Female,Amman,Basic,62,2423.28,180.52,34,363.74,1,12,0.458,0.447,5,2,0,1,Card,0.12690804075815112,0,2166.2400000000002,541.5600000000001,24.054911493544516,4.054911493544516,No
C20166,37,Female,Irbid,Silver,60,1234.33,98.65,30,213.72,44,11,0.4165,0.458,4,0,0,1,Card,0.21647943253483962,0,1183.8000000000002,295.95000000000005,22.423480820540025,2.423480820540025,No
C20167,37,Female,Amman,Platinum,62,1413.27,255.52,24,500.0,40,10,0.287,0.878,5,0,0,0,Bank Transfer,0.13622741940577524,0,3066.2400000000002,766.5600000000001,36.54927171689187,16.549271716891873,No
C20168,47,Female,Balqa,Gold,28,2844.52,199.59,18,310.32,8,12,0.256,0.675,3,1,0,0,Card,0.25944007371857286,0,2395.08,598.77,54.37072652916445,34.37072652916445,No
C20169,27,Male,Amman,Basic,5,2210.99,94.19,2,261.85,20,10,0.601,0.753,4,1,0,0,Card,0.35702960738751705,0,1130.28,282.57,35.310049655821736,15.310049655821736,No
C20170,44,Female,Irbid,Silver,43,1488.8,180.52,14,500.0,20,12,0.215,0.217,4,3,1,1,Cash,0.463197160046244,0,2166.2400000000002,541.5600000000001,87.79716889812538,67.79716889812538,No
C20171,41,Female,Zarqa,Silver,21,1471.04,87.04,13,137.59,21,16,0.441,0.084,1,5,1,1,Card,0.6969814353891612,1,1044.48,261.12,63.69852734308622,43.69852734308622,No
C20172,53,Male,Irbid,Silver,40,2545.55,321.73,23,421.45,129,16,0.663,0.838,4,1,0,1,Cash,0.4787860964702529,0,3860.76,965.19,161.7418433582432,141.7418433582432,No
C20173,19,Female,Amman,Silver,8,1887.09,95.62,3,217.42,20,19,0.368,0.505,4,1,0,0,Digital Wallet,0.4116789759026912,0,1147.44,286.86,41.3329808596061,21.332980859606103,No
C20174,65,Male,Amman,Platinum,25,2458.76,352.69,20,497.28,36,14,0.4165,0.16,4,1,0,0,Card,0.23313819301393643,0,4232.28,1058.07,86.33678475878949,66.33678475878949,No
C20175,21,Female,Amman,Basic,33,683.7,242.43,21,302.25,20,15,0.344,0.625,4,1,0,1,Card,0.29061056323829976,0,2909.16,727.29,73.97535478815405,53.97535478815405,No
C20176,35,Female,Irbid,Platinum,25,2084.64,230.08,11,435.84,18,18,0.54,0.059,4,0,0,0,Card,0.17174643300370873,0,2760.96,690.24,41.491190270767966,21.491190270767966,No
C20177,18,Female,Amman,Gold,37,1599.44,174.0,10,500.0,12,23,0.246,0.305,4,1,0,0,Card,0.3173917449563775,0,2088.0,522.0,57.98747180353017,37.98747180353017,No
C20178,60,Male,Zarqa,Gold,8,2488.08,204.78,7,269.4,25,13,0.102,0.778,3,0,0,0,Card,0.3476395079058342,0,2457.36,614.34,74.74909935040456,54.74909935040456,No
C20179,46,Male,Amman,Gold,13,1299.35,209.4,8,310.37,86,18,0.284,0.727,4,1,0,0,Digital Wallet,0.6755275281873216,1,2512.8,628.2,148.5282376225464,128.5282376225464,Yes
C20180,58,Female,Irbid,Basic,51,1792.625,109.34,19,310.58,77,14,0.83,0.455,2,2,0,0,Digital Wallet,0.6349269868307942,1,1312.08,328.02,72.89406257708298,52.89406257708298,No
C20181,52,Male,Zarqa,Basic,22,1549.37,53.7,6,208.64,0,16,0.624,0.516,4,0,0,0,Digital Wallet,0.1823589091873225,0,644.4000000000001,161.10000000000002,10.28230709452718,-9.71769290547282,No
C20182,42,Male,Irbid,Basic,7,1648.71,108.91,3,217.94,6,17,0.286,0.908,4,2,0,0,Cash,0.5415251869187765,1,1306.92,326.73,61.92638351269015,41.92638351269015,No
C20183,42,Male,Amman,Basic,3,1822.21,86.51,6,41.18,18,7,0.486,0.119,4,5,1,0,Card,0.7621407461808847,1,1038.1200000000001,259.53000000000003,69.22943574971374,49.229435749713744,No
C20184,41,Male,Zarqa,Silver,15,2202.02,154.81,7,252.32,9,12,0.703,0.192,3,1,0,0,Card,0.20695102935170132,0,1857.72,464.43,33.63999329663372,13.639993296633719,No
C20185,24,Female,Amman,Gold,20,1295.87,181.01,7,497.42,22,26,0.713,0.576,3,1,0,1,Card,0.24032760499051617,0,2172.12,543.03,45.676784768299996,25.676784768299996,No
C20186,42,Female,Irbid,Silver,31,1572.56,116.18,17,208.83,19,10,0.431,0.442,3,4,1,0,Bank Transfer,0.6899925011860605,1,1394.16,348.54,84.17149522718633,64.17149522718633,No
C20187,55,Male,Zarqa,Silver,44,1421.78,113.7,21,227.84,4,7,0.225,0.181,4,0,0,0,Bank Transfer,0.18395796862711558,0,1364.4,341.1,21.961822084548192,1.9618220845481922,No
C20188,23,Male,Amman,Gold,22,2096.09,199.09,11,362.2,75,18,0.592,0.49,5,0,0,1,Digital Wallet,0.2731472555594806,0,2389.08,597.27,57.09993146480384,37.09993146480384,No
C20189,20,Female,Amman,Silver,18,1144.15,138.61,9,299.58,8,14,0.732,0.59,4,1,0,1,Cash,0.19262917914186076,0,1663.3200000000002,415.83000000000004,28.035347046895986,8.035347046895986,No
C20190,46,Male,Amman,Gold,39,1315.58,142.49,21,240.12,12,220,0.487,0.775,5,1,0,1,Card,0.26856828648971837,0,1709.88,427.47,40.18170989901597,20.18170989901597,No
C20191,19,Male,Zarqa,Basic,23,2173.15,152.36,12,255.84,38,9,0.243,0.53,5,0,0,0,Cash,0.34749951022333425,0,1828.3200000000002,457.08000000000004,55.592276646508566,35.592276646508566,No
C20192,66,Female,Amman,Basic,32,2414.32,203.74,15,378.18,22,17,0.409,0.394,3,1,0,1,Digital Wallet,0.2773857351212705,0,2444.88,611.22,59.34029815728804,39.34029815728804,No
C20193,55,Female,Amman,Gold,38,2154.81,274.04,18,500.0,157,24,0.222,0.325,3,2,0,1,Card,0.8000350192037466,1,3288.4800000000005,822.1200000000001,230.2036764957245,210.2036764957245,Yes
C20194,51,Male,Amman,Gold,19,1430.38,180.52,11,500.0,5,9,0.125,0.443,5,1,0,0,Card,0.3116951018218076,0,2166.2400000000002,541.5600000000001,59.08055976991635,39.08055976991635,No
C20195,24,Female,Amman,Gold,45,1852.49,178.13,28,286.1,154,15,0.554,0.519,3,2,0,1,Bank Transfer,0.7866198212684985,1,2137.56,534.39,147.1266182006855,127.1266182006855,Yes
C20196,31,Female,Amman,Silver,39,1871.03,180.52,15,500.0,51,18,0.362,0.316,4,1,0,1,Digital Wallet,0.2922832905670317,0,2166.2400000000002,541.5600000000001,55.40112859381859,35.40112859381859,No
C20197,28,Male,Amman,Silver,24,1919.88,156.5,13,258.06,19,11,0.333,0.49,3,2,0,1,Card,0.31717609445122813,0,1878.0,469.5,52.11996172069806,32.11996172069806,No
C20198,28,Male,Balqa,Silver,37,1305.79,170.56,21,221.98,20,17,0.065,0.195,3,2,0,0,Digital Wallet,0.47231819170923117,0,2046.72,511.68,84.5865203168228,64.5865203168228,No
C20199,49,Female,Irbid,Basic,15,2237.76,143.08,9,248.2,129,18,0.491,0.863,4,0,0,0,Cash,0.7797754466236322,1,1716.96,429.24,117.14878444805474,97.14878444805474,Yes
C20200,32,Female,Irbid,Basic,35,880.54,122.87,18,241.81,24,19,0.261,0.241,4,3,1,0,Digital Wallet,0.7402358136162778,1,1474.44,368.61,95.50041313998365,75.50041313998365,No
C20201,45,Male,Amman,Silver,1,1822.36,130.64,1,144.47,52,11,0.576,0.133,4,1,0,1,Card,0.31793619226504616,0,1567.6799999999998,391.91999999999996,43.6119433653809,23.611943365380903,No
C20202,60,Male,Zarqa,Silver,19,2222.42,244.63,11,365.8,23,14,0.714,0.749,3,0,0,1,Digital Wallet,0.1102887926157036,0,2935.56,733.89,28.328944704458543,8.328944704458543,No
C20203,30,Female,Amman,Basic,17,1268.38,190.54,12,244.82,13,10,0.469,0.954,4,3,1,1,Card,0.4404890847704551,0,2286.48,571.62,88.12732972277064,68.12732972277064,No
C20204,55,Female,Balqa,Basic,36,845.3,67.61,15,151.67,11,11,0.411,0.463,3,2,0,0,Card,0.3756596499908922,0,811.3199999999999,202.82999999999998,26.66826638267843,6.6682663826784285,No
C20205,57,Female,Other,Basic,51,2517.7,161.27,20,415.74,7,17,0.716,0.882,4,1,0,0,Cash,0.15356650595156063,0,1935.2400000000002,483.81000000000006,26.003953935548594,6.003953935548594,No
C20206,63,Female,Balqa,Basic,20,1811.02,122.32,9,284.14,29,12,0.223,0.328,4,0,0,0,Card,0.31346884582659024,0,1467.84,366.96,40.260684682583936,20.260684682583936,No
C20207,18,Female,Balqa,Basic,44,1862.16,119.48,23,215.91,49,12,0.472,0.15,5,2,0,1,Card,0.25102840207551497,0,1433.76,358.44,31.49251715398165,11.492517153981652,No
C20208,60,Female,Irbid,Basic,8,1630.7,67.71,8,75.14,17,20,0.486,0.642,3,1,0,1,Digital Wallet,0.4071010253542916,0,812.52,203.13,28.943050948076035,8.943050948076035,No
C20209,40,Male,Zarqa,Basic,3,2062.36,104.65,3,114.94,105,10,0.34,0.564,3,2,0,1,Card,0.6894738768952804,1,1255.8000000000002,313.95000000000005,75.76111327794565,55.761113277945654,No
C20210,25,Female,Amman,Basic,23,1155.54,105.56,7,357.99,70,14,0.119,0.458,4,1,0,1,Cash,0.6189089247850944,1,1266.72,316.68,68.59862740533029,48.59862740533029,No
C20211,66,Male,Zarqa,Silver,63,2087.36,137.11,21,391.97,133,12,0.216,0.777,2,2,0,0,Cash,0.765055663622213,1,1645.3200000000002,411.33000000000004,110.14162114120371,90.14162114120371,No
C20212,32,Male,Irbid,Gold,32,1449.01,194.94,16,420.73,16,13,0.486,0.604,4,0,0,0,Digital Wallet,0.28300646824464015,0,2339.2799999999997,584.8199999999999,57.92774496559065,37.92774496559065,No
C20213,64,Male,Amman,Basic,46,1931.9,197.4,19,474.67,75,19,0.353,0.823,4,0,0,1,Card,0.2945170670290082,0,2368.8,592.2,61.044552483102535,41.044552483102535,No
C20214,64,Male,Zarqa,Gold,8,2588.07,202.98,8,214.43,60,18,0.305,0.265,5,3,1,1,Bank Transfer,0.486436508745298,0,2435.7599999999998,608.9399999999999,103.6737266723766,83.6737266723766,No
C20215,34,Female,Amman,Gold,2,454.62,307.05,9,61.49,76,12,0.686,0.781,4,3,1,0,Card,0.7566028169699697,1,3684.6000000000004,921.1500000000001,243.93063969816066,223.93063969816066,Yes
C20216,35,Female,Other,Gold,33,2330.52,189.77,21,300.16,3,13,0.454,0.462,5,1,0,0,Card,0.1633259938249805,0,2277.2400000000002,569.3100000000001,32.54409254057488,12.54409254057488,No
C20217,56,Male,Zarqa,Silver,30,1557.02,156.4,8,479.29,9,13,0.311,0.551,4,1,0,1,Digital Wallet,0.13317910672359878,0,1876.8000000000002,469.20000000000005,21.870672906149395,1.8706729061493945,No
C20218,56,Female,Amman,Platinum,22,1864.89,286.83,14,405.66,6,22,0.326,0.9,5,2,0,1,Card,0.11053802824761201,0,3441.96,860.49,33.29090377437568,13.290903774375678,No
C20219,25,Male,Irbid,Gold,34,1811.35,215.54,17,378.52,11,14,0.801,0.667,5,1,0,1,Card,0.10312269817362911,0,2586.48,646.62,23.338419682561216,3.3384196825612165,No
C20220,67,Male,Zarqa,Platinum,11,1809.27,247.51,2,500.0,42,11,0.622,0.345,3,2,0,0,Cash,0.3152390252108025,0,2970.12,742.53,81.926051686422,61.926051686422,No
C20221,69,Male,Irbid,Gold,10,2132.95,281.68,9,260.96,29,13,0.811,0.371,3,2,0,1,Card,0.26507782183127565,0,3380.16,845.04,78.4004768961054,58.4004768961054,No
C20222,44,Male,Irbid,Gold,25,2261.71,154.79,17,246.03,38,13,0.251,0.305,5,1,0,0,Digital Wallet,0.44675612065328824,0,1857.48,464.37,72.61104891171861,52.61104891171861,No
C20223,70,Female,Amman,Basic,26,2018.64,106.9,12,240.55,59,15,0.332,0.339,4,5,1,0,Cash,0.8584351810748413,1,1282.8000000000002,320.70000000000005,96.35505689974556,76.35505689974556,No
C20224,18,Male,Amman,Basic,36,1446.1,128.98,14,394.5,36,15,0.323,0.701,2,2,1,1,Card,0.5981486465657843,1,1547.7599999999998,386.93999999999994,81.00667305575759,61.00667305575759,No
C20225,41,Male,Balqa,Basic,39,1715.5,63.79,14,165.69,149,16,0.311,0.594,4,2,0,0,Bank Transfer,0.8075987050469868,1,765.48,191.37,54.09255746469466,34.09255746469466,No
C20226,39,Male,Amman,Basic,29,2338.01,180.84,16,343.39,2,17,0.215,0.766,4,0,0,0,Digital Wallet,0.2875952568204736,0,2170.08,542.52,54.609162555585165,34.609162555585165,No
C20227,46,Male,Zarqa,Basic,34,2103.35,120.64,17,228.99,96,15,0.085,0.27,3,1,0,0,Bank Transfer,0.7343964221978216,1,1447.68,361.92,93.02746359264246,73.02746359264246,No
C20228,43,Male,Balqa,Silver,14,2475.16,127.41,4,500.0,9,12,0.539,0.182,4,2,0,1,Card,0.1380676592896424,0,1528.92,382.23,18.470760493598004,-1.5292395064019964,No
C20229,44,Female,Irbid,Basic,18,2004.97,71.63,9,143.4,41,17,0.175,0.52,3,0,0,0,Cash,0.6515633662893148,1,859.56,214.89,49.005058123668796,29.005058123668796,No
C20230,26,Female,Amman,Gold,19,1728.16,360.17,11,500.0,109,16,0.73,0.308,5,2,0,1,Digital Wallet,0.45895543901780966,0,4322.04,1080.51,173.56707949459673,153.56707949459673,No
C20231,54,Male,Amman,Platinum,47,2242.1,360.9,23,500.0,42,24,0.701,0.388,2,1,0,1,Card,0.14432576251063317,0,4330.799999999999,1082.6999999999998,54.69152607459187,34.69152607459187,No
C20232,26,Male,Amman,Basic,19,1768.8,107.57,9,237.78,73,11,0.504,0.686,3,2,0,1,Card,0.5701821871973194,1,1290.84,322.71,64.40122277065642,44.40122277065642,No
C20233,58,Male,Amman,Basic,24,1235.31,277.88,7,500.0,15,19,0.12,0.132,3,1,0,0,Cash,0.5192190988594058,1,3334.56,833.64,151.49463335060423,131.49463335060423,Yes
C20234,59,Female,Amman,Platinum,57,2582.94,294.84,21,500.0,1,18,0.4165,0.774,3,1,0,0,Card,0.10589597366632526,0,3538.08,884.52,32.78348731956831,12.783487319568309,No
C20235,49,Male,Amman,Platinum,19,2405.19,227.92,11,351.27,18,20,0.166,0.615,5,0,0,0,Bank Transfer,0.1751477200567426,0,2735.04,683.76,41.915651773099405,21.915651773099405,No
C20236,43,Female,Amman,Basic,44,2387.25,193.92,21,426.99,59,16,0.418,0.311,3,2,0,0,Card,0.5746420858839074,1,2327.04,581.76,117.0063229593377,97.0063229593377,Yes
C20237,23,Male,Irbid,Gold,38,350.0,186.07,14,486.9,2,21,0.389,0.915,2,2,0,0,Card,0.4736973942330871,0,2232.84,558.21,92.54791785219804,72.54791785219804,No
C20238,29,Male,Amman,Gold,28,2230.0,355.78,18,500.0,6,25,0.66,0.41,4,2,0,0,Cash,0.28717694609507954,0,4269.36,1067.34,107.28040457579276,87.28040457579276,No
C20239,57,Male,Balqa,Silver,8,2015.49,170.06,3,466.87,12,9,0.512,0.279,2,0,1,0,Card,0.327769173232158,0,2040.72,510.18,58.52744687985382,38.52744687985382,No
C20240,52,Male,Zarqa,Gold,69,2638.61,234.35,30,500.0,0,16,0.106,0.683,5,0,0,0,Card,0.08823949557861421,0,2812.2,703.05,21.712872078290648,1.7128720782906477,No
C20241,24,Female,Balqa,Basic,84,350.0,194.27,30,500.0,86,17,0.587,0.845,4,2,0,0,Cash,0.44535960434803024,0,2331.2400000000002,582.8100000000001,90.84601085352642,70.84601085352642,No
C20242,46,Female,Irbid,Basic,29,1848.59,166.54,14,356.13,38,18,0.146,0.759,5,2,0,0,Card,0.5103073678204995,1,1998.48,499.62,89.23591848866728,69.23591848866728,No
C20243,52,Male,Balqa,Basic,45,1421.45,117.05,19,315.9,64,13,0.228,0.341,4,5,1,0,Cash,0.8134428154091135,1,1404.6,351.15,99.97415562081855,79.97415562081855,No
C20244,34,Female,Amman,Silver,4,1617.23,87.06,3,115.73,60,16,0.517,0.243,3,2,0,1,Digital Wallet,0.5523548803579824,1,1044.72,261.18,50.49241667816424,30.49241667816424,No
C20245,56,Female,Amman,Silver,41,1889.44,131.62,24,192.42,27,8,0.125,0.605,3,6,1,0,Cash,0.839194205966078,1,1579.44,394.86,115.97747845871794,95.97747845871794,Yes
C20246,44,Female,Amman,Basic,25,1769.19,238.53,11,492.17,67,13,0.728,0.138,3,0,0,0,Card,0.44967063614095404,0,2862.36,715.59,112.62293368063685,92.62293368063685,No
C20247,54,Male,Zarqa,Basic,84,1334.37,126.36,39,238.6,5,13,0.458,0.778,4,1,0,1,Digital Wallet,0.09761046795287644,0,1516.32,379.08,12.950761667051738,-7.049238332948262,No
C20248,68,Male,Zarqa,Basic,6,1390.16,116.0,4,173.88,59,12,0.153,0.506,4,2,0,1,Card,0.4965452693960341,0,1392.0,348.0,60.47921381243695,40.47921381243695,No
C20249,59,Male,Irbid,Gold,30,1923.49,216.66,12,500.0,20,25,0.095,0.424,5,0,0,0,Digital Wallet,0.3025428011879111,0,2599.92,649.98,68.82636947064147,48.82636947064147,No
C20250,62,Female,Amman,Platinum,30,3066.76,180.52,17,500.0,12,27,0.111,0.348,4,1,0,0,Digital Wallet,0.25751391908783156,0,2166.2400000000002,541.5600000000001,48.81073330742212,28.81073330742212,No
C20251,42,Female,Irbid,Basic,84,2091.26,106.4,35,265.58,31,12,0.268,0.345,5,0,0,0,Bank Transfer,0.22896664481215756,0,1276.8000000000002,319.20000000000005,25.580153558414242,5.580153558414242,No
C20252,52,Male,Irbid,Basic,13,1919.47,190.08,7,337.35,0,10,0.381,0.679,5,3,1,1,Card,0.3388510950105953,0,2280.96,570.24,67.62925694659465,47.62925694659465,No
C20253,33,Female,Amman,Basic,41,758.82,238.67,21,428.33,2,15,0.583,0.711,3,0,0,0,Digital Wallet,0.27103368915827375,0,2864.04,716.01,67.92199112097545,47.92199112097545,No
C20254,34,Female,Other,Platinum,27,1575.81,352.0,18,479.28,18,15,0.13,0.475,4,2,0,0,Card,0.25741928056008273,0,4224.0,1056.0,95.14216609500657,75.14216609500657,No
C20255,48,Female,Irbid,Gold,40,2095.84,141.69,16,362.16,3,19,0.589,0.478,3,1,0,1,Digital Wallet,0.18826367511144307,0,1700.28,425.07,28.00883413286738,8.008834132867381,No
C20256,61,Female,Balqa,Silver,80,3165.49,156.37,32,402.11,27,10,0.419,0.627,4,1,0,1,Cash,0.08073102203976339,0,1876.44,469.11,13.255105412175691,-6.744894587824309,No
C20257,67,Male,Amman,Gold,67,1507.04,236.96,30,500.0,76,22,0.157,0.38,3,2,0,0,Digital Wallet,0.6361220157464057,1,2843.52,710.88,158.27224649383172,138.27224649383172,Yes
C20258,41,Female,Zarqa,Basic,43,1451.32,180.52,22,346.58,37,16,0.487,0.081,4,1,0,0,Card,0.32857532329879313,0,2166.2400000000002,541.5600000000001,62.28013822999304,42.28013822999304,No
C20259,68,Male,Amman,Silver,75,2577.57,145.32,34,341.73,46,12,0.129,0.415,5,0,0,0,Digital Wallet,0.22350606737561485,0,1743.84,435.96,34.10389679657556,14.103896796575562,No
C20260,51,Female,Amman,Silver,48,1971.06,155.04,12,500.0,24,14,0.817,0.313,3,3,1,0,Card,0.3640955681737708,0,1860.48,465.12,59.2718457341445,39.2718457341445,No
C20261,55,Female,Zarqa,Platinum,49,1720.58,255.87,18,500.0,16,12,0.438,0.522,5,0,0,1,Card,0.03792522927893181,0,3070.44,767.61,10.189124836380296,-9.810875163619704,No
C20262,39,Female,Irbid,Silver,24,1580.21,177.77,16,270.69,11,13,0.364,0.802,3,0,0,1,Digital Wallet,0.23775263747522185,0,2133.2400000000002,533.3100000000001,44.378550682168694,24.378550682168694,No
C20263,44,Male,Balqa,Basic,23,1924.39,89.19,9,204.05,21,12,0.538,0.156,3,3,1,0,Digital Wallet,0.5726826966273588,1,1070.28,267.57,53.631448197803834,33.631448197803834,No
C20264,59,Female,Amman,Silver,15,2235.9,115.64,7,246.12,237,16,0.52,0.357,4,2,0,1,Card,0.9100248819045547,1,1387.68,346.92,110.49704121061482,90.49704121061482,No
C20265,66,Male,Irbid,Gold,29,3069.18,197.47,13,404.69,12,9,0.345,0.79,3,1,0,0,Cash,0.35574081446481054,0,2369.64,592.41,73.76054556398444,53.76054556398444,No
C20266,30,Male,Irbid,Basic,24,962.47,102.2,14,172.48,81,19,0.415,0.424,3,2,0,1,Card,0.6977795923873004,1,1226.4,306.6,74.8787280590812,54.8787280590812,No
C20267,41,Male,Amman,Silver,18,2225.77,249.22,15,260.49,24,18,0.093,0.078,4,25,0,1,Digital Wallet,0.994557778305951,1,2990.64,747.66,260.2568739848796,240.25687398487958,Yes
C20268,63,Female,Amman,Basic,11,1935.65,107.97,1,500.0,92,9,0.156,0.282,4,3,1,0,Card,0.8691419463867671,1,1295.6399999999999,323.90999999999997,98.53331874894819,78.53331874894819,No
C20269,61,Female,Amman,Silver,48,2325.62,167.0,21,356.34,67,17,0.668,0.759,4,1,0,1,Bank Transfer,0.20941687562751593,0,2004.0,501.0,36.721249141284915,16.721249141284915,No
C20270,23,Male,Zarqa,Basic,18,1615.13,134.08,7,356.7,31,11,0.071,0.581,4,1,0,0,Card,0.45450162640525454,0,1608.96,402.24,63.98655697183735,43.98655697183735,No
C20271,51,Female,Balqa,Gold,84,2172.62,203.38,33,430.06,103,14,0.596,0.438,3,1,0,1,Card,0.24107422489476363,0,2440.56,610.14,51.48115965205187,31.481159652051872,No
C20272,69,Female,Amman,Basic,14,1312.66,166.48,13,183.46,90,13,0.581,0.612,3,3,1,1,Card,0.7712182639053402,1,1997.7599999999998,499.43999999999994,134.81203740370907,114.81203740370907,Yes
C20273,50,Female,Amman,Silver,31,1672.24,109.46,15,263.55,59,350,0.544,0.466,4,1,0,1,Card,0.606337284149517,1,1313.52,328.38,69.68816307915644,49.68816307915644,No
C20274,65,Male,Amman,Silver,26,2603.6,129.44,12,253.26,28,13,0.778,0.204,4,1,0,0,Digital Wallet,0.23637715633454395,0,1553.28,388.32,32.126492071740536,12.126492071740536,No
C20275,69,Female,Irbid,Gold,31,2104.74,333.9,23,377.01,99,18,0.568,0.226,4,1,0,1,Card,0.4407828172671816,0,4006.7999999999997,1001.6999999999999,154.5362518197875,134.5362518197875,No
C20276,38,Female,Zarqa,Basic,17,1360.43,154.52,7,409.24,21,9,0.433,0.244,2,3,1,0,Card,0.6797435598235811,1,1854.2400000000002,463.56000000000006,110.28567360713676,90.28567360713676,No
C20277,56,Male,Other,Silver,18,2837.94,130.96,14,165.71,8,15,0.39,0.248,2,4,1,0,Card,0.6117108215505689,1,1571.52,392.88,84.11513164977562,64.11513164977562,No
C20278,31,Male,Zarqa,Basic,84,1426.54,80.09,32,171.13,3,18,0.394,0.575,4,1,0,1,Card,0.0923694562401577,0,961.08,240.27,7.767763237787942,-12.232236762212057,No
C20279,61,Female,Amman,Gold,56,1294.27,231.12,21,500.0,49,10,0.643,0.624,4,1,0,0,Cash,0.30980123296526063,0,2773.44,693.36,75.18132401107758,55.18132401107758,No
C20280,70,Male,Amman,Platinum,33,2631.1,368.01,18,500.0,21,18,0.804,0.263,5,0,0,0,Cash,0.08101057228178686,0,4416.12,1104.03,31.3033357406914,11.303335740691399,No
C20281,36,Female,Zarqa,Gold,6,1639.25,204.38,11,114.8,7,19,0.273,0.55,2,4,1,0,Card,0.7262466323556964,1,2452.56,613.14,155.8518010569001,135.8518010569001,Yes
C20282,54,Female,Amman,Silver,12,1457.57,140.07,12,156.88,62,19,0.381,0.452,2,3,1,0,Digital Wallet,0.8548322547465613,1,1680.84,420.21,125.72317161846837,105.72317161846837,Yes
C20283,57,Male,Amman,Silver,23,2664.53,155.75,15,207.22,34,15,0.407,0.433,5,0,0,1,Digital Wallet,0.16181950881828033,0,1869.0,467.25,26.463557923369518,6.4635579233695175,No
C20284,50,Female,Amman,Basic,11,1834.48,107.61,5,226.01,47,18,0.552,0.418,4,3,1,0,Card,0.6979477616622336,1,1291.32,322.83,78.8614665640966,58.8614665640966,No
C20285,19,Male,Amman,Basic,48,1497.15,175.82,15,500.0,104,18,0.464,0.381,4,1,0,0,Cash,0.670671049833748,1,2109.84,527.46,123.81325318085806,103.81325318085806,Yes
C20286,48,Male,Other,Basic,16,2794.08,246.42,11,367.53,6,13,0.279,0.206,2,1,1,1,Digital Wallet,0.3803379104240881,0,2957.04,739.26,98.40901128103897,78.40901128103897,No
C20287,64,Male,Zarqa,Silver,12,2364.72,134.82,5,243.77,73,21,0.129,0.686,5,1,0,0,Card,0.42816624466082254,0,1617.84,404.46,60.61164176043069,40.61164176043069,No
C20288,35,Male,Amman,Basic,14,1707.36,137.76,7,197.76,78,14,0.231,0.687,4,2,0,0,Card,0.7231120140771637,1,1653.12,413.28,104.59670661223358,84.59670661223358,No
C20289,53,Female,Zarqa,Platinum,14,2415.08,288.82,10,352.43,25,16,0.286,0.343,2,4,1,0,Bank Transfer,0.5885384914457392,1,3465.84,866.46,178.48077145432632,158.48077145432632,Yes
C20290,46,Male,Irbid,Silver,20,2784.2,252.24,19,250.92,55,22,0.221,0.289,4,4,1,0,Cash,0.8129577679531264,1,3026.88,756.72,215.31349075792144,195.31349075792144,Yes
C20291,66,Male,Amman,Silver,23,2508.8,264.09,9,500.0,6,15,0.119,0.633,3,3,1,1,Digital Wallet,0.4037957594681073,0,3169.08,792.27,111.97034322382906,91.97034322382906,No
C20292,33,Female,Other,Silver,23,1471.08,269.83,16,394.81,39,14,0.284,0.137,4,1,0,1,Card,0.25173022738167977,0,3237.96,809.49,71.32058561711858,51.32058561711858,No
C20293,36,Female,Balqa,Silver,76,1855.76,129.61,23,402.6,11,11,0.74,0.421,2,2,1,0,Bank Transfer,0.21984538373037713,0,1555.3200000000002,388.83000000000004,29.918868194558886,9.918868194558886,No
C20294,37,Male,Irbid,Gold,11,1607.51,181.47,5,433.53,15,16,0.386,0.578,5,1,0,1,Card,0.20954635339569977,0,2177.64,544.41,39.92769558825351,19.927695588253513,No
C20295,67,Male,Amman,Basic,64,2009.72,242.63,24,500.0,18,15,0.389,0.78,5,1,0,1,Card,0.09758563564235363,0,2911.56,727.89,24.861062914699474,4.861062914699474,No
C20296,64,Male,Irbid,Basic,3,2658.76,293.7,6,132.71,6,12,0.331,0.539,4,0,0,1,Cash,0.22236124199532029,0,3524.3999999999996,881.0999999999999,68.57287161272683,48.57287161272683,No
C20297,40,Female,Amman,Gold,57,1372.85,136.27,24,300.86,50,16,0.174,0.477,4,2,0,0,Card,0.5068094900233892,1,1635.2400000000002,408.81000000000006,72.5160756657616,52.516075665761605,No
C20298,37,Female,Amman,Basic,22,1954.84,115.7,9,234.54,84,9,0.72,0.457,3,3,1,0,Digital Wallet,0.8107585847312528,1,1388.4,347.1,98.49500666607625,78.49500666607625,No
C20299,64,Female,Amman,Basic,7,2661.72,348.92,11,237.8,3,15,0.328,0.178,3,0,0,0,Cash,0.3700892587610027,0,4187.04,1046.76,135.5881213752335,115.5881213752335,No
C20300,53,Male,Amman,Gold,44,2458.88,193.53,24,407.74,8,15,0.262,0.557,3,3,1,0,Digital Wallet,0.5587438153141968,1,2322.36,580.59,113.54037510664433,93.54037510664433,Yes
